NC_016810.1,387,4200865,4200895,+,AAATAGTCCCATGCTGTATATCCCGGAGGTG,CDS,4200203,4201843,+,SL1344_3926,aarF,35,25,14,1,0,0,4.8,0.0062
NC_016810.1,295,3190611,3190637,-,ACTACACGGCGGGGGTAAAAGGGCTGA,CDS,3189334,3191493,-,SL1344_2988,aas,26,34,64,5,0,2,3.8,0.0069
NC_016810.1,163,1761647,1761674,-,CACCGAGCTGACTTACTACCAGAATGAC,CDS,1761608,1764283,-,SL1344_1644,acnA,41,23,61,0,2,0,5.5,0.0008
NC_016810.1,16,188420,188458,+,AGATGGCGTGATTTTCCAGACTGCGGTTTAATTTACATT,CDS,185853,188450,+,SL1344_0159,acnB,87,5,267,0,2,7,5,5.3E-05
NC_016810.1,16,188420,188458,+,AGATGGCGTGATTTTCCAGACTGCGGTTTAATTTACATT,3UTR,188451,188495,+,SL1344_0159,acnB_3UTR,87,5,267,0,2,7,5,5.3E-05
NC_016810.1,110,1236480,1236514,+,CACCAGGCGTAAGTGAACATCTCCAGGCGGTCGTT,CDS,1236255,1236491,+,SL1344_1133,acpP,729,218,417,0,0,5,8.1,5E-11
NC_016810.1,110,1236480,1236514,+,CACCAGGCGTAAGTGAACATCTCCAGGCGGTCGTT,3UTR,1236492,1236541,+,SL1344_1133,acpP_3UTR,729,218,417,0,0,5,8.1,5E-11
NC_016810.1,49,528711,528755,-,CATTCGACAGAACATCGCTGATTTGCTCACTGTTGATAAGGCCGC,CDS,528735,531884,-,SL1344_0468,acrB,55,18,85,5,2,0,4.1,0.0021
NC_016810.1,49,528711,528755,-,CATTCGACAGAACATCGCTGATTTGCTCACTGTTGATAAGGCCGC,3UTR,528687,528734,-,SL1344_0468,acrB_3UTR,55,18,85,5,2,0,4.1,0.0021
NC_016810.1,440,4875889,4875915,-,TAAGTTATTCTTACTGGCTGTTTCTTA,3UTR,4875883,4875949,-,SL1344_4525,arcA_3UTR,136,34,56,12,0,0,4.6,0.00032
NC_016810.1,441,4875916,4875936,-,CCAAACTGTAAAAACAGCCGG,3UTR,4875883,4875949,-,SL1344_4525,arcA_3UTR,36,32,52,0,0,0,6.3,0.00023
NC_016810.1,184,1961904,1961935,+,CGTCGTTAACATCATCAGGCCTGACTCCGGAT,3UTR,1961898,1961962,+,SL1344_1844,argS_3UTR,232,126,101,0,2,0,7.4,2.8E-08
NC_016810.1,61,738328,738354,-,AGTAAATTAACGATGACGAAAGAGCCC,CDS,738350,740014,-,SL1344_0662,asnB,96,37,46,0,0,0,6.8,1.8E-05
NC_016810.1,61,738328,738354,-,AGTAAATTAACGATGACGAAAGAGCCC,3UTR,738303,738349,-,SL1344_0662,asnB_3UTR,96,37,46,0,0,0,6.8,1.8E-05
NC_016810.1,93,1048022,1048048,-,TGATTTTTACGTCACACTCAAGGCCAG,CDS,1048046,1049446,-,SL1344_0937,asnS,50,7,44,0,2,0,5,0.0042
NC_016810.1,93,1048022,1048048,-,TGATTTTTACGTCACACTCAAGGCCAG,3UTR,1047997,1048045,-,SL1344_0937,asnS_3UTR,50,7,44,0,2,0,5,0.0042
NC_016810.1,415,4591497,4591535,-,CGAACAGTAATCGTACAGGGTAGTACCAAAGAGGCACGT,CDS,4591526,4592962,-,SL1344_4263,aspA,360,113,380,10,2,7,5.4,1.1E-11
NC_016810.1,415,4591497,4591535,-,CGAACAGTAATCGTACAGGGTAGTACCAAAGAGGCACGT,3UTR,4591468,4591525,-,SL1344_4263,aspA_3UTR,360,113,380,10,2,7,5.4,1.1E-11
NC_016810.1,88,1044940,1044966,-,GCCGACTGGCGTGACCGATAAAAAAGC,3UTR,1044910,1044972,-,SL1344_0935,aspC_3UTR,65,9,61,0,0,0,6.2,0.00027
NC_016810.1,378,4100691,4100716,-,ATTTTCATGGTTCTGACGATTGTCTA,CDS,4100663,4101478,-,SL1344_3838,atpB,31,23,29,1,0,0,5.1,0.0035
NC_016810.1,375,4094948,4094990,-,GCGATGTAACACCGGCTTGAAAGCATAAAACCAGTCTGATTGC,CDS,4094982,4095401,-,SL1344_3831,atpC,1329,329,815,6,3,18,6.4,1.8E-17
NC_016810.1,376,4095047,4095071,-,GGTGACGTGGATTACGCTCAGGCGT,CDS,4094982,4095401,-,SL1344_3831,atpC,23,18,20,0,0,0,5.3,0.008
NC_016810.1,375,4094948,4094990,-,GCGATGTAACACCGGCTTGAAAGCATAAAACCAGTCTGATTGC,3UTR,4094926,4094981,-,SL1344_3831,atpC_3UTR,1329,329,815,6,3,18,6.4,1.8E-17
NC_016810.1,377,4100181,4100208,-,AGAAAGAAATTGCTGACGGTCTCGCTTC,CDS,4099847,4100317,-,SL1344_3836,atpF,88,34,24,0,0,0,6.4,8.6E-05
NC_016810.1,345,3618810,3618840,-,ACTTTCCAACCTGTTATGAAACCCGCCACCG,3UTR,3618756,3618855,-,SL1344_3410,bfr_3UTR,115,216,169,0,8,0,6.2,1.8E-07
NC_016810.1,6,80287,80331,+,CCGGCGGATATTGCTCTAACCGGACCTGTAATATAATGTTGAAAG,3UTR,80278,80364,+,SL1344_0068,carB_3UTR,486,0,61,4,2,0,5.1,0.00013
NC_016810.1,186,1974202,1974237,-,CATCACACGTCGCGTAATAACGTTGCCGGATGGCGT,CDS,1974221,1974724,-,SL1344_1855,cheW,63,108,69,8,3,2,4,0.00013
NC_016810.1,186,1974202,1974237,-,CATCACACGTCGCGTAATAACGTTGCCGGATGGCGT,3UTR,1974121,1974220,-,SL1344_1855,cheW_3UTR,63,108,69,8,3,2,4,0.00013
NC_016810.1,185,1969124,1969152,-,CGTCAACCCGGCCGGATACGAGACTTTCT,3UTR,1969095,1969194,-,SL1344_1850,cheZ_3UTR,396,55,108,5,5,2,5,4.5E-07
NC_016810.1,65,751737,751763,-,CTACCAAACGATCGGCCTGGCAGCGCC,CDS,750782,752086,-,SL1344_0671,citA,43,28,25,0,0,0,6,0.00088
NC_016810.1,83,981505,981540,+,GCACTAATCTTCGTTTCACTGTCGTACAAACCGGGC,CDS,979235,981511,+,SL1344_0884,clpA,185,131,128,6,2,2,5.3,3.3E-08
NC_016810.1,83,981505,981540,+,GCACTAATCTTCGTTTCACTGTCGTACAAACCGGGC,3UTR,981512,981567,+,SL1344_0884,clpA_3UTR,185,131,128,6,2,2,5.3,3.3E-08
NC_016810.1,251,2802497,2802530,-,AAGTCACAAATTTGAATAAAACGGGCCCTGACGG,CDS,2802529,2805102,-,SL1344_2620,clpB,47,25,44,0,0,0,6.2,0.0003
NC_016810.1,252,2802533,2802559,-,CAATGATGATCGTATTGTGGCAGTGCA,CDS,2802529,2805102,-,SL1344_2620,clpB,53,9,17,1,0,0,4.8,0.006
NC_016810.1,253,2804656,2804686,-,AATTGAACAGATGCGCGGAGGTGAAAGCGTG,CDS,2802529,2805102,-,SL1344_2620,clpB,23,11,41,0,0,0,5.5,0.0041
NC_016810.1,254,2805079,2805114,-,ATGGGAGGAGTTATGCGTCTGGATCGTCTTACTAAC,CDS,2802529,2805102,-,SL1344_2620,clpB,915,563,407,19,45,101,3.6,1.3E-05
NC_016810.1,251,2802497,2802530,-,AAGTCACAAATTTGAATAAAACGGGCCCTGACGG,3UTR,2802477,2802528,-,SL1344_2620,clpB_3UTR,47,25,44,0,0,0,6.2,0.0003
NC_016810.1,254,2805079,2805114,-,ATGGGAGGAGTTATGCGTCTGGATCGTCTTACTAAC,5UTR,2805103,2805222,-,SL1344_2620,clpB_5UTR,915,563,407,19,45,101,3.6,1.3E-05
NC_016810.1,255,2805190,2805227,-,AAGAATCAAGACGATCCGGTACGGGTAACTTTCTTTTC,5UTR,2805103,2805222,-,SL1344_2620,clpB_5UTR,470,543,233,10,50,53,3.5,2E-05
NC_016810.1,261,2831992,2832035,+,TGCGCGAGAGTGTGGCGGAGTAACACAATGGCGAACTCCGGTTC,CDS,2830773,2832014,+,SL1344_2652,corB,99,106,125,0,2,0,7,8.4E-07
NC_016810.1,261,2831992,2832035,+,TGCGCGAGAGTGTGGCGGAGTAACACAATGGCGAACTCCGGTTC,3UTR,2832015,2832052,+,SL1344_2652,corB_3UTR,99,106,125,0,2,0,7,8.4E-07
NC_016810.1,396,4292542,4292576,+,TTTTCCTTGCCATAGACACCATCCCTGTCTTCCCC,3UTR,4292534,4292606,+,SL1344_4009,cpxP_3UTR,28,39,32,0,2,0,5.3,0.0018
NC_016810.1,27,364402,364427,+,GCATAACCCTGCTGCCATGCCTGATG,CDS,364006,364407,+,SL1344_0315,crl,20,11,37,0,0,0,5.3,0.0061
NC_016810.1,27,364402,364427,+,GCATAACCCTGCTGCCATGCCTGATG,3UTR,364408,364507,+,SL1344_0315,crl_3UTR,20,11,37,0,0,0,5.3,0.0061
NC_016810.1,232,2544802,2544849,+,AACATGGATGAAATCAAAGAACTGATCAAACTGTCCGGTAGCGTGACC,CDS,2544376,2544885,+,SL1344_2396,crr,74,5,125,0,3,2,4.5,0.0036
NC_016810.1,179,1893096,1893136,-,TGTTAACGTAACAGCTATCTGATCGACACCACTGATTTGAT,CDS,1893115,1893324,-,SL1344_1766,cspC,238,34,137,4,0,5,5.4,3.8E-07
NC_016810.1,178,1893060,1893092,-,TTTGTCGCGTCAGCCTCAGATATAAAGCCTCGC,3UTR,1893034,1893114,-,SL1344_1766,cspC_3UTR,31,34,76,0,0,7,4.8,0.0012
NC_016810.1,179,1893096,1893136,-,TGTTAACGTAACAGCTATCTGATCGACACCACTGATTTGAT,3UTR,1893034,1893114,-,SL1344_1766,cspC_3UTR,238,34,137,4,0,5,5.4,3.8E-07
NC_016810.1,82,978417,978446,-,TACAGAACGCTTAAAGCCGGACAGTCTGTC,CDS,978339,978560,-,SL1344_0882,cspD,99,32,52,0,5,0,5.1,0.00094
NC_016810.1,81,978274,978296,-,CCCGATCGGCTGGCATTTTTATT,3UTR,978268,978338,-,SL1344_0882,cspD_3UTR,111,28,39,0,0,7,4.8,0.0021
NC_016810.1,58,692603,692643,+,TGCTCTGTAAGCATACGTCCGACAGCAAGATTTCAAAACCC,CDS,692400,692612,+,SL1344_0617,cspE,1712,106,510,31,2,9,5.7,3.9E-16
NC_016810.1,58,692603,692643,+,TGCTCTGTAAGCATACGTCCGACAGCAAGATTTCAAAACCC,3UTR,692613,692672,+,SL1344_0617,cspE_3UTR,1712,106,510,31,2,9,5.7,3.9E-16
NC_016810.1,268,2993489,2993530,-,CTAAGGTTTTCGCGTCTCACTTTTCGGGTGAGACGCAGCCTC,CDS,2993527,2993712,-,SL1344_2806,csrA,96,53,57,8,0,0,4.9,0.00021
NC_016810.1,268,2993489,2993530,-,CTAAGGTTTTCGCGTCTCACTTTTCGGGTGAGACGCAGCCTC,3UTR,2993427,2993526,-,SL1344_2806,csrA_3UTR,96,53,57,8,0,0,4.9,0.00021
NC_016810.1,292,3138182,3138218,-,TAGCTGGAATGCTGCGAAACGAACCGGGAGCACTGTT,sRNA,3138161,3138522,-,ncRNA0007,CsrB,416,738,886,5,21,133,4.4,6.4E-08
NC_016810.1,388,4231607,4231635,+,CTAACAGGATCAACGACTCAGGATGAGGG,sRNA,4231595,4231838,+,ncRNA0008,CsrC,38,37,52,1,10,2,3.4,0.0083
NC_016810.1,389,4231725,4231765,+,GTTCCAGGCTAAGGGAAAAACAGGGCGTGTTGATAGCCAAC,sRNA,4231595,4231838,+,ncRNA0008,CsrC,103,90,745,3,8,11,4.7,2.4E-08
NC_016810.1,390,4231780,4231819,+,CCGTTAAGGGTCGTGAGTCAAGAAAAAAGGCGGCAGATTA,sRNA,4231595,4231838,+,ncRNA0008,CsrC,909,943,1406,21,21,32,5.4,1.7E-22
NC_016810.1,54,662677,662700,+,TATTCAATAACCGTCTGGATGCCG,CDS,660762,662867,+,SL1344_0588,cstA,26,28,30,0,0,0,5.8,0.0018
NC_016810.1,206,2228864,2228892,+,ATAAATGCTAGCTGTACCAGGAACCACCT,sRNA,2228847,2228931,+,ncRNA0009,CyaR,97,69,98,0,3,18,4.1,0.00079
NC_016810.1,432,4704232,4704267,+,AAGAAGTATCGTTAATTTTTGTGGGATGGCGGCTTC,CDS,4703860,4704246,+,SL1344_4369,cybC,86,11,22,1,0,2,4.6,0.0029
NC_016810.1,39,493840,493868,-,GAACACCAAATCTGATGAAGGCTGGAACA,CDS,493742,494071,-,SL1344_0434,cyoD,34,5,39,0,0,0,5.4,0.0054
NC_016810.1,38,493645,493686,-,CTTTGGCAACCTGATCTCGGTGATCGGGGGATTTCTGCTGGC,CDS,492840,493730,-,SL1344_0433,cyoE,92,34,69,11,2,0,4.1,0.00084
NC_016810.1,366,3916297,3916330,-,CCGTAAGGAACTGTTTGCATAAACGACCCAACCC,5UTR,3916254,3916370,-,SL1344_3665,cysE_5UTR,178,16,69,0,0,2,6.1,2.1E-05
NC_016810.1,415,4591497,4591535,-,CGAACAGTAATCGTACAGGGTAGTACCAAAGAGGCACGT,5UTR,4591295,4591543,-,SL1344_4262,dcuA_5UTR,360,113,380,10,2,7,5.4,1.1E-11
NC_016810.1,439,4846429,4846461,+,GATAAAGAGTAAGATTGTGAAGGGGGCCAGAGC,CDS,4845721,4846440,+,SL1344_4497,deoD,56,7,68,0,0,0,6.1,0.00042
NC_016810.1,439,4846429,4846461,+,GATAAAGAGTAAGATTGTGAAGGGGGCCAGAGC,3UTR,4846441,4846484,+,SL1344_4497,deoD_3UTR,56,7,68,0,0,0,6.1,0.00042
NC_016810.1,76,896657,896687,-,AAGCCTGACTTCCGTCGGTCACTGAAGCGAA,3UTR,896648,896747,-,SL1344_0806,dps_3UTR,41,9,66,1,0,0,5.3,0.0012
NC_016810.1,174,1865881,1865907,+,ACCTGTTCGGTCGTTGATACACACGCT,CDS,1865367,1865897,+,SL1344_1735,dsbB,73,48,37,3,5,5,3.5,0.0018
NC_016810.1,174,1865881,1865907,+,ACCTGTTCGGTCGTTGATACACACGCT,3UTR,1865898,1865934,+,SL1344_1735,dsbB_3UTR,73,48,37,3,5,5,3.5,0.0018
NC_016810.1,316,3378411,3378437,+,GTCTGCATTCAGGCCTCTGCTTTTCTC,3UTR,3378386,3378445,+,SL1344_3167,dsbB_3UTR,23,39,19,0,0,2,4.9,0.0068
NC_016810.1,420,4601133,4601175,+,CGCGCGGCGTGGGCGAGGACATCTCGGACGGTGGTAGTGCGAT,CDS,4601060,4601206,+,SL1344_4273,ecnB,595,269,563,10,16,16,5,1.9E-12
NC_016810.1,421,4601177,4601222,+,TCTGGCGCTGCAACCAGAGCTCAGCAGTAATCATCAACGGTACGGC,CDS,4601060,4601206,+,SL1344_4273,ecnB,930,460,1007,19,10,2,6.1,2.9E-15
NC_016810.1,421,4601177,4601222,+,TCTGGCGCTGCAACCAGAGCTCAGCAGTAATCATCAACGGTACGGC,3UTR,4601207,4601306,+,SL1344_4273,ecnB_3UTR,930,460,1007,19,10,2,6.1,2.9E-15
NC_016810.1,239,2650723,2650750,-,GTGTTTTAAAAAACGGCTCCTGGTGTAG,5UTR,2650646,2650803,-,SL1344_2481,engA_5UTR,56,9,25,0,2,0,4.8,0.0056
NC_016810.1,291,3118798,3118832,-,GCGTAATCCTGCTTTTACCTCTTAACGTATAAACC,CDS,3118827,3120125,-,SL1344_2931,eno,63,34,73,0,0,2,6,0.00011
NC_016810.1,291,3118798,3118832,-,GCGTAATCCTGCTTTTACCTCTTAACGTATAAACC,3UTR,3118771,3118826,-,SL1344_2931,eno_3UTR,63,34,73,0,0,2,6,0.00011
NC_016810.1,354,3681060,3681088,-,CGCTGTTGCTCATCGTCACCTTGCTGTTC,5UTR,3681015,3681175,-,SL1344_3468,envZ_5UTR,38,30,29,0,0,0,6,0.00083
NC_016810.1,226,2486299,2486328,-,TTACGTTGTAGTATCAACAATGAAACAGGT,3UTR,2486269,2486337,-,SL1344_2347,fabB_3UTR,117,37,79,0,0,0,7.2,2.6E-06
NC_016810.1,110,1236480,1236514,+,CACCAGGCGTAAGTGAACATCTCCAGGCGGTCGTT,5UTR,1236477,1236576,+,SL1344_1134,fabF_5UTR,729,218,417,0,0,5,8.1,5E-11
NC_016810.1,161,1749750,1749784,+,GGCAATGAATGAACTGGAACTGAAGTAAGCGCATT,CDS,1748989,1749777,+,SL1344_1631,fabI,126,25,64,0,0,0,7,5.7E-06
NC_016810.1,161,1749750,1749784,+,GGCAATGAATGAACTGGAACTGAAGTAAGCGCATT,3UTR,1749778,1749877,+,SL1344_1631,fabI_3UTR,126,25,64,0,0,0,7,5.7E-06
NC_016810.1,162,1749801,1749824,+,GGCACGGCTGTGCTGCCCCATTCC,3UTR,1749778,1749877,+,SL1344_1631,fabI_3UTR,17,30,49,0,0,0,5.9,0.0011
NC_016810.1,227,2501384,2501409,+,GGCTGTTCGGTACTAACTTTAACTAC,CDS,2500105,2501418,+,SL1344_2360,fadL,49,2,59,0,0,0,5.6,0.0019
NC_016810.1,228,2501412,2501449,+,GTTCTAATCTCTTTCTGAAACGGATCAAAAAGGTGAGC,CDS,2500105,2501418,+,SL1344_2360,fadL,108,46,76,0,2,0,6.4,1.2E-05
NC_016810.1,228,2501412,2501449,+,GTTCTAATCTCTTTCTGAAACGGATCAAAAAGGTGAGC,3UTR,2501419,2501476,+,SL1344_2360,fadL_3UTR,108,46,76,0,2,0,6.4,1.2E-05
NC_016810.1,306,3250202,3250249,-,CGCGATTGACGTTCTGTAATATAGTCTGCTGATTGAAATGGCTTCCCT,CDS,3250231,3251310,-,SL1344_3044,fba,507,53,166,31,8,5,3.8,3.4E-06
NC_016810.1,307,3250355,3250387,-,AGCGTATCTGCAAGGTCAGCTGGGCAACCCGAA,CDS,3250231,3251310,-,SL1344_3044,fba,26,14,42,0,0,2,4.8,0.0057
NC_016810.1,306,3250202,3250249,-,CGCGATTGACGTTCTGTAATATAGTCTGCTGATTGAAATGGCTTCCCT,3UTR,3250177,3250230,-,SL1344_3044,fba_3UTR,507,53,166,31,8,5,3.8,3.4E-06
NC_016810.1,260,2828120,2828145,-,GCTTTTAATATGACGCCGGGCTCCGT,3UTR,2828088,2828389,-,SL1344_2650,ffh_3UTR,209,46,73,15,0,9,3.8,0.00026
NC_016810.1,349,3626336,3626363,-,CTAAAAAATAAAAACTGAGAGCCGCCGC,CDS,3626353,3627171,-,SL1344_3420,fkpA,111,2,56,9,0,0,4,0.0043
NC_016810.1,349,3626336,3626363,-,CTAAAAAATAAAAACTGAGAGCCGCCGC,3UTR,3626305,3626352,-,SL1344_3420,fkpA_3UTR,111,2,56,9,0,0,4,0.0043
NC_016810.1,106,1218695,1218746,+,ACGACCGATCAGATGCTGCAGAAACTGACGCAACTCTAAGGGGCCGCCGGTG,CDS,1217951,1218733,+,SL1344_1116,flgG,154,41,179,20,6,18,2.9,0.00028
NC_016810.1,107,1224247,1224287,+,TTTTGAAACATATCACGAAACTGGATATGTTTTGTCTGCCC,3UTR,1224240,1224321,+,SL1344_1121,flgL_3UTR,66,78,88,0,0,0,7.3,2.1E-06
NC_016810.1,105,1212700,1212726,-,CTGAATGCCTTGTAGGCCTGATAGCAC,3UTR,1212661,1212760,-,SL1344_1108,flgN_3UTR,14,21,46,0,2,0,4.8,0.0072
NC_016810.1,187,1978668,1978707,-,TTTAACCGAAACGGTGTGGACAAACACTCCAGCAGCGGTA,CDS,1978703,1979281,-,SL1344_1859,flhC,83,34,83,5,3,0,4.2,0.00044
NC_016810.1,187,1978668,1978707,-,TTTAACCGAAACGGTGTGGACAAACACTCCAGCAGCGGTA,3UTR,1978638,1978702,-,SL1344_1859,flhC_3UTR,83,34,83,5,3,0,4.2,0.00044
NC_016810.1,189,2005183,2005212,-,TCACCGACACGTGGTACACAATCAAGGCAG,5UTR,2005148,2005247,-,SL1344_1887,fliB_5UTR,1522,2389,3859,11,45,46,6.3,2.7E-27
NC_016810.1,190,2005220,2005261,-,CAGGTTCCGCAAAACGTCCTCTCTTTACTGCGTTAATCCGGC,5UTR,2005148,2005247,-,SL1344_1887,fliB_5UTR,160,276,549,0,11,18,5.3,9.3E-09
NC_016810.1,190,2005220,2005261,-,CAGGTTCCGCAAAACGTCCTCTCTTTACTGCGTTAATCCGGC,CDS,2005226,2006713,-,SL1344_1888,fliC,160,276,549,0,11,18,5.3,9.3E-09
NC_016810.1,191,2005357,2005394,-,GGGCAACACCGTAAACAACCTGACTTCTGCCCGTAGCC,CDS,2005226,2006713,-,SL1344_1888,fliC,30,64,189,2,19,16,2.8,0.003
NC_016810.1,192,2005499,2005531,-,CCTGATCTGGCGGAAGCGGCTGCTACAACCACC,CDS,2005226,2006713,-,SL1344_1888,fliC,24,28,35,1,3,0,4,0.0092
NC_016810.1,193,2005927,2005964,-,TGATAAGACGAACGGTGAGGTGACTCTTGCTGGCGGTG,CDS,2005226,2006713,-,SL1344_1888,fliC,65,53,101,1,8,23,3.1,0.0047
NC_016810.1,189,2005183,2005212,-,TCACCGACACGTGGTACACAATCAAGGCAG,3UTR,2005157,2005225,-,SL1344_1888,fliC_3UTR,1522,2389,3859,11,45,46,6.3,2.7E-27
NC_016810.1,190,2005220,2005261,-,CAGGTTCCGCAAAACGTCCTCTCTTTACTGCGTTAATCCGGC,3UTR,2005157,2005225,-,SL1344_1888,fliC_3UTR,160,276,549,0,11,18,5.3,9.3E-09
NC_016810.1,194,2018782,2018808,+,ATTTTTGAACGGGCCGACTGGGAGGAC,CDS,2017477,2018847,+,SL1344_1901,fliI,49,18,17,0,0,0,5.6,0.0022
NC_016810.1,188,2001633,2001660,-,ACCTTCTACATTAGGCTGAGTCCCCCAA,5UTR,2001559,2001700,-,SL1344_1883,fliY_5UTR,12,85,42,0,6,0,4.5,0.0023
NC_016810.1,225,2476300,2476327,-,ATCTATACCTCAAGCTGCGTCGCCCCTG,CDS,2475070,2476338,-,SL1344_2334,folC,19,41,25,0,0,2,5,0.0056
NC_016810.1,423,4603034,4603066,-,TCTCTAAGTTGCCACGACGCCCTCTTATCTACC,CDS,4603060,4603419,-,SL1344_4277,frdD,20,69,76,0,0,0,6.6,4.6E-05
NC_016810.1,423,4603034,4603066,-,TCTCTAAGTTGCCACGACGCCCTCTTATCTACC,3UTR,4603007,4603059,-,SL1344_4277,frdD_3UTR,20,69,76,0,0,0,6.6,4.6E-05
NC_016810.1,329,3486104,3486138,-,AACACGATGTCAGAGCAGCTGGGCGACAAATAAGC,CDS,3486106,3488040,-,SL1344_3268,ftsH,59,5,73,2,2,0,4.3,0.0037
NC_016810.1,328,3486061,3486090,-,CATTATGTTTAGCGCTCACCGAAACCCTGG,3UTR,3486033,3486105,-,SL1344_3268,ftsH_3UTR,152,34,130,0,2,0,6.7,2.9E-06
NC_016810.1,329,3486104,3486138,-,AACACGATGTCAGAGCAGCTGGGCGACAAATAAGC,3UTR,3486033,3486105,-,SL1344_3268,ftsH_3UTR,59,5,73,2,2,0,4.3,0.0037
NC_016810.1,10,142933,142963,+,CTCAAAAACAACGGTGGTCCGACATAGAGAG,CDS,141729,143495,+,SL1344_0122,ftsI,50,101,108,0,6,2,5,2.1E-05
NC_016810.1,9,141333,141361,+,AGAGAGGACGAACGCATGATCAGCAGAGT,CDS,141348,141713,+,SL1344_0121,ftsL,47,9,52,0,2,2,4.4,0.0049
NC_016810.1,311,3275425,3275453,+,GCCCACGACTAATCCCTCCACGCTTCCTC,CDS,3274081,3275436,+,SL1344_3066,galP,57,117,81,0,0,0,7.4,1.2E-06
NC_016810.1,311,3275425,3275453,+,GCCCACGACTAATCCCTCCACGCTTCCTC,3UTR,3275437,3275485,+,SL1344_3066,galP_3UTR,57,117,81,0,0,0,7.4,1.2E-06
NC_016810.1,126,1325552,1325584,-,AACAAAGTACTGGACCTGATTGCTCACATCTCC,CDS,1325546,1326541,-,SL1344_1225,gapA,301,39,125,13,14,7,3.3,0.0005
NC_016810.1,125,1325507,1325541,-,AGATGACACAGTCATTGGTAAGAGCGACTCAGGTC,3UTR,1325488,1325545,-,SL1344_1225,gapA_3UTR,148,48,118,0,2,2,6,2.5E-06
NC_016810.1,301,3235875,3235904,-,GAAGACGAATAATGTTGTGCCGGATGGCGC,CDS,3235893,3236282,-,SL1344_3030,gcvH,100,11,34,0,2,0,5.4,0.00068
NC_016810.1,298,3232876,3232903,-,ACCGCAACCTGTTCTGCTCCTGCGTACC,CDS,3232857,3235730,-,SL1344_3029,gcvP,12,5,113,0,0,0,5.5,0.0016
NC_016810.1,172,1851641,1851667,+,GCAGCCTATATTGTCGCCTGTGAGCGC,CDS,1850384,1851709,+,SL1344_1723,gdhA,44,5,42,0,0,0,5.5,0.0028
NC_016810.1,173,1851736,1851759,+,ACGTCCCGGCGTGGATTTTTTGTC,3UTR,1851710,1851765,+,SL1344_1723,gdhA_3UTR,47,9,34,0,0,0,5.7,0.0019
NC_016810.1,360,3720206,3720237,-,GTAGCGGTTTAACGCTTGAGAACGGGGCCAAA,CDS,3720234,3722681,-,SL1344_3501,glgP,59,39,64,2,0,2,4.9,0.00021
NC_016810.1,360,3720206,3720237,-,GTAGCGGTTTAACGCTTGAGAACGGGGCCAAA,3UTR,3720183,3720233,-,SL1344_3501,glgP_3UTR,59,39,64,2,0,2,4.9,0.00021
NC_016810.1,318,3379965,3379994,-,GGCATTATTCAGATCTTATATGAGCGGGCC,3UTR,3379919,3380018,-,SL1344_3170,glgS_3UTR,5,74,52,0,0,0,6,0.00056
NC_016810.1,374,4090317,4090345,-,GTACAAATGTAGTACCAGGCAGAAGGCCG,3UTR,4090290,4090345,-,SL1344_3828,glmS_3UTR,423,67,157,14,3,0,5.1,3E-07
NC_016810.1,243,2705402,2705425,-,CACCGCCTTATTCCATAACAAAGC,sRNA,2705381,2705564,-,ncRNA0017,GlmY,12,30,37,0,0,2,4.8,0.0076
NC_016810.1,384,4163351,4163378,+,ATACAGACCTGTTTTGACGCCTGCCCCT,sRNA,4163192,4163399,+,ncRNA0018,GlmZ,75,67,41,0,0,7,5,0.00086
NC_016810.1,64,748516,748544,+,CGAATGCTGTAAAAATACCTTGTCAACGC,3UTR,748500,748572,+,SL1344_0668,glnS_3UTR,109,0,29,0,0,0,5.4,0.0041
NC_016810.1,147,1469287,1469313,-,CTGGGTAACTGATCCCCCGCCGGGCGC,CDS,1469302,1469709,-,SL1344_1367,gloA,38,46,49,0,0,0,6.5,0.00012
NC_016810.1,147,1469287,1469313,-,CTGGGTAACTGATCCCCCGCCGGGCGC,3UTR,1469261,1469301,-,SL1344_1367,gloA_3UTR,38,46,49,0,0,0,6.5,0.00012
NC_016810.1,355,3710049,3710084,+,AGCATGGAAACCAAAGATCTGATCGTGATAGGCGGG,CDS,3710052,3711560,+,SL1344_3493,glpD,150,5,83,2,0,18,3.6,0.0051
NC_016810.1,356,3710953,3710992,+,AGAAACAACTGGGGCGCGATGACATCGTCTGGACGTACTC,CDS,3710052,3711560,+,SL1344_3493,glpD,121,7,78,1,0,7,4.5,0.00054
NC_016810.1,357,3711421,3711459,+,ACGAATGGGTGCGCCGTACTGAAGACGCTATCTGGCGTC,CDS,3710052,3711560,+,SL1344_3493,glpD,40,21,19,0,0,2,4.8,0.0074
NC_016810.1,358,3711507,3711537,+,ACCCAGTGGCTGGCGGCGTATGTTGAGAAAC,CDS,3710052,3711560,+,SL1344_3493,glpD,21,34,20,0,2,0,4.9,0.0063
NC_016810.1,359,3711540,3711577,+,CAACTTTCAATGGCGTCGTAATAAAATCCGGGGCGGTT,CDS,3710052,3711560,+,SL1344_3493,glpD,58,60,76,1,2,2,5,4.1E-05
NC_016810.1,359,3711540,3711577,+,CAACTTTCAATGGCGTCGTAATAAAATCCGGGGCGGTT,3UTR,3711561,3711660,+,SL1344_3493,glpD_3UTR,58,60,76,1,2,2,5,4.1E-05
NC_016810.1,355,3710049,3710084,+,AGCATGGAAACCAAAGATCTGATCGTGATAGGCGGG,5UTR,3710010,3710051,+,SL1344_3493,glpD_5UTR,150,5,83,2,0,18,3.6,0.0051
NC_016810.1,401,4317493,4317525,-,CAAAATGTTCGCCGGGCTTGCCGGCTGGGGTGA,CDS,4317309,4318154,-,SL1344_4036,glpF,24,39,51,2,0,7,3.7,0.0074
NC_016810.1,397,4315742,4315787,-,ACAAGTAAGGTCGCCATCCGGCAAAATCTTTGTGCGGAGGCAACTC,CDS,4315780,4317288,-,SL1344_4035,glpK,165,446,318,20,2,2,5.4,4.1E-07
NC_016810.1,398,4315986,4316014,-,TATTCTCGGCACGCGGGTGGAACGCCCGG,CDS,4315780,4317288,-,SL1344_4035,glpK,18,16,25,0,0,0,5.2,0.0098
NC_016810.1,399,4316205,4316245,-,CTTCACCGGTCTGGGCGCGCCGTACTGGGACCCGTATGCCC,CDS,4315780,4317288,-,SL1344_4035,glpK,47,44,35,0,5,2,4.2,0.0031
NC_016810.1,400,4316661,4316710,-,CAACATCCATGATTTGGACTGGGACGATAAGATGCTGGACGTGCTGGATA,CDS,4315780,4317288,-,SL1344_4035,glpK,206,5,128,1,5,7,3.9,0.004
NC_016810.1,218,2386101,2386139,-,GAACAGGATTTAGTGATGACAAAGGACGACCATCTGGTC,CDS,2385246,2386316,-,SL1344_2251,glpQ,369,60,162,9,0,5,5.4,3.4E-08
NC_016810.1,215,2385121,2385157,-,AACGCAATGCCATCAGGCGGGGTTGTTTTATAGCAAC,3UTR,2385146,2385245,-,SL1344_2251,glpQ_3UTR,29,23,46,0,0,0,6,0.00085
NC_016810.1,216,2385172,2385199,-,CTCATCCGGCCTGGCGCAACGTTTGCCA,3UTR,2385146,2385245,-,SL1344_2251,glpQ_3UTR,43,34,54,0,0,0,6.5,0.00013
NC_016810.1,217,2385202,2385237,-,CATAGTCGAAGTGACGCGCCGGATGAGGGCATAAAC,3UTR,2385146,2385245,-,SL1344_2251,glpQ_3UTR,127,60,135,3,0,0,6.1,2.2E-06
NC_016810.1,68,795341,795375,-,TGAAGCGTTAATTGACAACCGGATGGCGACGCAAC,CDS,795365,796648,-,SL1344_0712,gltA,337,285,323,0,13,0,6.6,3.6E-08
NC_016810.1,68,795341,795375,-,TGAAGCGTTAATTGACAACCGGATGGCGACGCAAC,3UTR,795312,795364,-,SL1344_0712,gltA_3UTR,337,285,323,0,13,0,6.6,3.6E-08
NC_016810.1,59,728184,728217,-,CGCCGGGCAACAATCTTCGAGGGTAGCGCTGCTA,5UTR,728161,728260,-,SL1344_0653,gltJ_5UTR,60,90,117,0,0,5,6,9.6E-06
NC_016810.1,230,2527846,2527883,-,AGTAACGCCAGCTGAAACAGAATAAACGGCAGGGCAGA,CDS,2527879,2529294,-,SL1344_2381,gltX,66,5,98,0,0,0,6.3,0.00018
NC_016810.1,230,2527846,2527883,-,AGTAACGCCAGCTGAAACAGAATAAACGGCAGGGCAGA,3UTR,2527821,2527878,-,SL1344_2381,gltX_3UTR,66,5,98,0,0,0,6.3,0.00018
NC_016810.1,74,835587,835623,-,GAAGTAATCACCTTTGCCGGATGGCGGTATAACTGCC,CDS,835617,836369,-,SL1344_0749,gpmA,26,21,29,0,0,0,5.6,0.0031
NC_016810.1,74,835587,835623,-,GAAGTAATCACCTTTGCCGGATGGCGGTATAACTGCC,3UTR,835517,835616,-,SL1344_0749,gpmA_3UTR,26,21,29,0,0,0,5.6,0.0031
NC_016810.1,367,3917306,3917339,-,TAATGCGTCAATGACAGTCATCGGTGCCGGCTCG,CDS,3916331,3917350,-,SL1344_3666,gpsA,140,71,117,0,2,0,6.9,1.1E-06
NC_016810.1,416,4597294,4597326,+,GCTGGCGGCATGGGTGGTATGGGTGGTATGGGC,CDS,4595692,4597338,+,SL1344_4267,groEL,27,25,52,0,0,2,5.3,0.0018
NC_016810.1,417,4597393,4597429,+,TTACTTGAGTAAGTGACTGGGGATTAACAAACTGGCC,3UTR,4597339,4597519,+,SL1344_4267,groEL_3UTR,41,30,56,0,2,2,4.8,0.00097
NC_016810.1,418,4597465,4597499,+,TCCCAGAATTGAGAAACCCCCGGGCAGAAATGACC,3UTR,4597339,4597519,+,SL1344_4267,groEL_3UTR,13,30,74,0,0,2,5.2,0.0014
NC_016810.1,262,2832776,2832805,-,GGCGATGGTGACTGTAGCGAAGGCGAAGTA,CDS,2832775,2833365,-,SL1344_2654,grpE,53,0,46,0,0,0,5.2,0.0094
NC_016810.1,79,944308,944345,-,TTTTCGCCTGATTGCTCTGGCAACGCCCTCTGACGGAG,CDS,944335,944598,-,SL1344_0848,grxA,213,64,142,5,0,0,6.1,4.3E-07
NC_016810.1,79,944308,944345,-,TTTTCGCCTGATTGCTCTGGCAACGCCCTCTGACGGAG,3UTR,944235,944334,-,SL1344_0848,grxA_3UTR,213,64,142,5,0,0,6.1,4.3E-07
NC_016810.1,150,1482566,1482607,-,GGAAGGACTGAATTAATGTCATGTTGCCGGATAGCTCGCTGT,CDS,1482592,1483197,-,SL1344_1383,gst,392,90,142,0,2,2,6.9,2.3E-08
NC_016810.1,150,1482566,1482607,-,GGAAGGACTGAATTAATGTCATGTTGCCGGATAGCTCGCTGT,3UTR,1482492,1482591,-,SL1344_1383,gst_3UTR,392,90,142,0,2,2,6.9,2.3E-08
NC_016810.1,13,165094,165117,+,CCTCTAATATTCTGGCTGGCGTAA,CDS,164057,165100,+,SL1344_0141,guaC,17,39,27,0,0,0,5.7,0.0021
NC_016810.1,13,165094,165117,+,CCTCTAATATTCTGGCTGGCGTAA,3UTR,165101,165200,+,SL1344_0141,guaC_3UTR,17,39,27,0,0,0,5.7,0.0021
NC_016810.1,427,4629311,4629336,+,GTTTTAGACCAGCAAAACCACCGCAT,3UTR,4629298,4629367,+,SL1344_4298,hflC_3UTR,15,37,54,2,0,0,4.7,0.0045
NC_016810.1,425,4625424,4625465,+,AGGGGTCTACTGCGCAACAGGACAGCGAAGAGACTGAATAAG,CDS,4625156,4625464,+,SL1344_4295,hfQ,65,30,69,0,0,0,6.7,3.5E-05
NC_016810.1,87,1024090,1024132,+,AGGTTTCGGCCTGTAATCAAGCACTAAGGGCGGCTACGGCCGC,5UTR,1024113,1024186,+,SL1344_0919,himD_5UTR,762,876,1320,13,26,25,5.5,6.1E-21
NC_016810.1,169,1804495,1804540,+,AAAAGCAATGGAAGAACAAGGTAAGCAACTGGAAGATTTCCTGATC,CDS,1804136,1804549,+,SL1344_1682,hns,492,21,282,8,0,7,5.6,9.5E-10
NC_016810.1,170,1804545,1804573,+,AATAATTTACTTCCTGGATGCTTAAAATC,CDS,1804136,1804549,+,SL1344_1682,hns,92,51,152,0,0,7,5.8,8.7E-06
NC_016810.1,170,1804545,1804573,+,AATAATTTACTTCCTGGATGCTTAAAATC,3UTR,1804550,1804602,+,SL1344_1682,hns_3UTR,92,51,152,0,0,7,5.8,8.7E-06
NC_016810.1,50,545282,545320,+,GTCCTGATAACGCTCATCTGACTGCCGGATGGCGACGCG,CDS,543414,545288,+,SL1344_0480,htpG,131,51,140,0,3,0,6.2,1.4E-05
NC_016810.1,50,545282,545320,+,GTCCTGATAACGCTCATCTGACTGCCGGATGGCGACGCG,3UTR,545289,545388,+,SL1344_0480,htpG_3UTR,131,51,140,0,3,0,6.2,1.4E-05
NC_016810.1,51,545337,545369,+,CTACGGCGAGTACTGTTTGTAGGCCGGATAAGC,3UTR,545289,545388,+,SL1344_0480,htpG_3UTR,64,21,52,6,2,0,3.9,0.0033
NC_016810.1,407,4408269,4408301,+,CGGCGTTTGTTTCTGGTAAAGCTCTGAAAGACG,CDS,4408040,4408312,+,SL1344_4109,hupA,302,23,105,12,2,2,4.5,3.5E-06
NC_016810.1,408,4408303,4408345,+,AGTTAAGTAAGACGCATAACTGTGAACAGTTTTATCGAAGGGG,CDS,4408040,4408312,+,SL1344_4109,hupA,2406,303,1185,12,11,9,6.4,1.6E-16
NC_016810.1,42,507632,507665,+,TGATATCTCTAAGGCTGCGGCTGGACGTGCGTTA,CDS,507591,507863,+,SL1344_0445,hupB,88,28,135,4,13,2,3.5,0.0033
NC_016810.1,43,507667,507706,+,ATGCGATTATTGCTTCTGTTACCGAATCTCTGAAAGAAGG,CDS,507591,507863,+,SL1344_0445,hupB,288,106,203,9,13,9,4.1,4.9E-07
NC_016810.1,44,507707,507746,+,GGATGACGTTGCACTGGTAGGCTTTGGTACTTTTGCTGTT,CDS,507591,507863,+,SL1344_0445,hupB,91,7,237,9,0,14,3.7,0.00027
NC_016810.1,45,507833,507865,+,AGGTAAAGCGCTGAAAGACGCGGTAAACTAAGC,CDS,507591,507863,+,SL1344_0445,hupB,81,16,90,10,5,0,3.3,0.0095
NC_016810.1,45,507833,507865,+,AGGTAAAGCGCTGAAAGACGCGGTAAACTAAGC,3UTR,507864,507933,+,SL1344_0445,hupB_3UTR,81,16,90,10,5,0,3.3,0.0095
NC_016810.1,46,507877,507906,+,GGGGGATGTGACAAAGTACAAGGGCGCATC,3UTR,507864,507933,+,SL1344_0445,hupB_3UTR,1951,943,1858,58,26,18,5.5,3.1E-19
NC_016810.1,112,1282391,1282431,+,CCGCGAAGACCGTGACCTATGACTTTGAACGCCTGATGGAA,CDS,1281238,1282488,+,SL1344_1176,icdA,95,11,44,0,0,0,6.3,0.00012
NC_016810.1,113,1282495,1282528,+,TAATTGTTAAAAACAAAAACGGGGACTTAACGTC,3UTR,1282489,1282547,+,SL1344_1176,icdA_3UTR,87,34,128,1,5,0,5,0.00014
NC_016810.1,380,4136954,4136978,+,ACAAAGTAAAGTGGGCCTGATATCC,3UTR,4136930,4137029,+,SL1344_3865,ilvA_3UTR,58,14,24,0,0,0,5.8,0.0012
NC_016810.1,381,4140396,4140425,+,GATATACCTTGTCGGGGGGCGCTAGCGCTT,CDS,4138922,4140397,+,SL1344_3869,ilvC,14,46,29,1,2,0,4.4,0.006
NC_016810.1,381,4140396,4140425,+,GATATACCTTGTCGGGGGGCGCTAGCGCTT,3UTR,4140398,4140501,+,SL1344_3869,ilvC_3UTR,14,46,29,1,2,0,4.4,0.006
NC_016810.1,379,4130380,4130412,+,AATCAAGCCTTAACGAACTAAGACCCCCGCACC,5UTR,4130247,4130517,+,SL1344_3861,ilvG_5UTR,105,99,117,0,6,2,5.3,8.1E-06
NC_016810.1,258,2815236,2815273,-,GCAACATCCGAAAGCTTGTAGAAAAGAAGGGGCTGGCA,3UTR,2815208,2815381,-,SL1344_2631,int_3UTR,308,60,172,0,0,2,7.4,2.8E-08
NC_016810.1,373,4072492,4072529,+,GAGCGTTTCGCCAGACACTAACTTATTGAGTACTTTTA,3UTR,4072365,4072599,+,SL1344_3811,intA_3UTR,193,11,39,15,0,0,4.2,0.001
NC_016810.1,286,3060508,3060539,-,CCTCGTTTACTGCAATATCTGGCCTACCCACA,CDS,3059253,3060548,-,SL1344_2873,invC,10,30,25,0,0,0,5.3,0.0075
NC_016810.1,247,2760498,2760521,-,GGAATTTCACCGCGACAGAGACAC,sRNA,2760478,2760556,-,ncRNA0037,IsrK,50,25,47,4,2,0,4.1,0.003
NC_016810.1,371,4019343,4019371,-,CCCGCATTACGCTGTAAGAACCTCGCTTC,sRNA,4019328,4019404,-,ncRNA0044,IstR-1,51,9,41,0,0,0,5.8,0.0011
NC_016810.1,371,4019343,4019371,-,CCCGCATTACGCTGTAAGAACCTCGCTTC,sRNA,4019328,4019458,-,ncRNA0045,IstR-2,51,9,41,0,0,0,5.8,0.0011
NC_016810.1,244,2723467,2723494,-,TGATGAAATGATCGTTCACGCTGCCGTC,3UTR,2723432,2723497,-,SL1344_2544,lepB_3UTR,51,11,17,0,2,0,4.6,0.0097
NC_016810.1,7,133803,133835,-,ACATTAAGTCAGCTCGAAGTCAAACAAAACCCG,CDS,133829,133915,-,SL1344_0114,leuL,13,28,42,0,0,0,5.6,0.0024
NC_016810.1,8,133909,133941,-,ATAACGCATTCGCTGGAGCTGAATTAATGTCAC,CDS,133829,133915,-,SL1344_0114,leuL,49,21,37,0,0,0,6.1,0.00052
NC_016810.1,8,133909,133941,-,ATAACGCATTCGCTGGAGCTGAATTAATGTCAC,5UTR,133916,133941,-,SL1344_0114,leuL_5UTR,49,21,37,0,0,0,6.1,0.00052
NC_016810.1,41,507397,507426,+,TAGCGCTAATAAAAACAGGGCTGGCAGGCT,3UTR,507383,507460,+,SL1344_0444,lon_3UTR,159,87,123,18,0,9,4,0.00012
NC_016810.1,14,182392,182422,+,GTAGTATTACCGACCTGCCGAACCCGAAAGC,CDS,181011,182435,+,SL1344_0154,lpdA,89,16,63,0,0,0,6.6,4.8E-05
NC_016810.1,15,182423,182459,+,GAAGAAGAAATAATCTTCTGTAGGTGGCAATGCGCCA,CDS,181011,182435,+,SL1344_0154,lpdA,275,34,144,9,0,2,5.3,4.1E-07
NC_016810.1,15,182423,182459,+,GAAGAAGAAATAATCTTCTGTAGGTGGCAATGCGCCA,3UTR,182436,182504,+,SL1344_0154,lpdA_3UTR,275,34,144,9,0,2,5.3,4.1E-07
NC_016810.1,136,1416202,1416246,-,TAAATACCGTAAGTAATAGTACCTGCGTAATAAAAATGGCGCACA,CDS,1416231,1416467,-,SL1344_1311,lppA,756,303,375,4,6,18,5.6,1.2E-11
NC_016810.1,137,1416248,1416282,-,AGCTCGCGCTAACCAGCGTCTGGACAACCAGGCTA,CDS,1416231,1416467,-,SL1344_1311,lppA,461,520,367,5,39,34,4.3,9E-08
NC_016810.1,138,1416309,1416355,-,ACGCTAAAGTTGACCAGCTGAGCAACGACGTGAACGCAATGCGTTCC,CDS,1416231,1416467,-,SL1344_1311,lppA,589,428,458,28,40,46,3.7,4.3E-09
NC_016810.1,139,1416356,1416397,-,ACGCTAAAATCGATCAGCTGTCTTCTGACGTTCAGACTCTGA,CDS,1416231,1416467,-,SL1344_1311,lppA,231,161,208,10,8,39,3.6,8.7E-06
NC_016810.1,140,1416399,1416438,-,GGTAATCCTGGGTTCTACTCTGCTGGCTGGTTGCTCCAGC,CDS,1416231,1416467,-,SL1344_1311,lppA,216,225,294,2,2,62,4.6,0.00016
NC_016810.1,141,1416444,1416471,-,AATAATGAATCGTACTAAACTGGTACTG,CDS,1416231,1416467,-,SL1344_1311,lppA,165,115,171,0,0,46,4.8,0.00037
NC_016810.1,136,1416202,1416246,-,TAAATACCGTAAGTAATAGTACCTGCGTAATAAAAATGGCGCACA,3UTR,1416178,1416230,-,SL1344_1311,lppA_3UTR,756,303,375,4,6,18,5.6,1.2E-11
NC_016810.1,141,1416444,1416471,-,AATAATGAATCGTACTAAACTGGTACTG,5UTR,1416468,1416505,-,SL1344_1311,lppA_5UTR,165,115,171,0,0,46,4.8,0.00037
NC_016810.1,136,1416202,1416246,-,TAAATACCGTAAGTAATAGTACCTGCGTAATAAAAATGGCGCACA,5UTR,1416149,1416248,-,SL1344_1310,lppB_5UTR,756,303,375,4,6,18,5.6,1.2E-11
NC_016810.1,11,157834,157864,+,GCCTTCGACGGTACTGGCATAACGACATACG,CDS,156938,157855,+,SL1344_0134,lpxC,210,85,123,0,3,0,6.6,1.3E-06
NC_016810.1,11,157834,157864,+,GCCTTCGACGGTACTGGCATAACGACATACG,3UTR,157856,157937,+,SL1344_0134,lpxC_3UTR,210,85,123,0,3,0,6.6,1.3E-06
NC_016810.1,12,157868,157897,+,TCGTATAAAATTCGACTGGTTAACCTGGCA,3UTR,157856,157937,+,SL1344_0134,lpxC_3UTR,377,129,240,13,3,23,4.3,4E-08
NC_016810.1,21,265437,265461,+,TTGGATGCAGAATTACACGGTGATG,CDS,265401,266426,+,SL1344_0227,lpxD,109,7,41,6,0,0,4.4,0.0021
NC_016810.1,208,2296522,2296557,-,GCACTGACTGCCTGAACCTGACTCTTCTAACCCTCT,3UTR,2296495,2296603,-,SL1344_2177,lysP_3UTR,69,34,44,1,5,0,4.5,0.0013
NC_016810.1,296,3219918,3219945,-,GAAATAAGATGTAAATTGCCGGATGGGG,CDS,3219939,3221456,-,SL1344_3016,lysS,82,11,41,10,0,0,4,0.0066
NC_016810.1,296,3219918,3219945,-,GAAATAAGATGTAAATTGCCGGATGGGG,3UTR,3219839,3219938,-,SL1344_3016,lysS_3UTR,82,11,41,10,0,0,4,0.0066
NC_016810.1,234,2577659,2577695,-,ATAACGCATTACTCTCTCTTCTGGCGCAGGTTCTCCT,3UTR,2577595,2577694,-,SL1344_2435,maeB_3UTR,61,97,73,3,2,0,5.1,3.1E-05
NC_016810.1,151,1497598,1497628,-,TTATAACAGACGTAAAACTCCTCCAGGCGGT,3UTR,1497573,1497663,-,SL1344_1397,manA_3UTR,286,21,41,0,0,0,7.1,4.9E-07
NC_016810.1,176,1888754,1888776,+,GCCGGCTACTCCGTAGGACTGCT,CDS,1887926,1888786,+,SL1344_1761,manZ,82,57,232,1,0,5,5.9,4.1E-07
NC_016810.1,177,1888779,1888808,+,GCCAGTAAGGCTGTTGTACACTACCGGGGC,CDS,1887926,1888786,+,SL1344_1761,manZ,608,480,355,14,13,5,5.4,1.1E-15
NC_016810.1,177,1888779,1888808,+,GCCAGTAAGGCTGTTGTACACTACCGGGGC,3UTR,1888787,1888835,+,SL1344_1761,manZ_3UTR,608,480,355,14,13,5,5.4,1.1E-15
NC_016810.1,335,3548075,3548104,-,AATAAATAAGCTGTTCCTGCCCGATGCCGG,CDS,3548096,3549034,-,SL1344_3331,mdh,536,395,458,4,5,2,6.7,8.7E-17
NC_016810.1,336,3548116,3548138,-,GAAAAAAGATATTCAGTTGGGTG,CDS,3548096,3549034,-,SL1344_3331,mdh,87,0,78,1,0,0,5.2,0.0013
NC_016810.1,335,3548075,3548104,-,AATAAATAAGCTGTTCCTGCCCGATGCCGG,3UTR,3548045,3548095,-,SL1344_3331,mdh_3UTR,536,395,458,4,5,2,6.7,8.7E-17
NC_016810.1,99,1124824,1124854,-,CTGAAATAAACGCTACGCGGGCGGGATGCTG,CDS,1124846,1125304,-,SL1344_1016,mgsA,18,9,63,0,0,2,4.8,0.0056
NC_016810.1,99,1124824,1124854,-,CTGAAATAAACGCTACGCGGGCGGGATGCTG,3UTR,1124746,1124845,-,SL1344_1016,mgsA_3UTR,18,9,63,0,0,2,4.8,0.0056
NC_016810.1,433,4733919,4733944,+,CTGCATAGTATGACGGTACGGCAGCG,CDS,4733928,4734740,+,SL1344_4401,miaE,26,41,52,0,2,2,4.8,0.0012
NC_016810.1,265,2953060,2953086,+,TTTGCTAAAAAGAAAGCCTGGACGTAA,CDS,2952171,2953067,+,SL1344_2765,mig-14,68,7,27,0,0,2,4.8,0.0054
NC_016810.1,265,2953060,2953086,+,TTTGCTAAAAAGAAAGCCTGGACGTAA,3UTR,2953068,2953167,+,SL1344_2765,mig-14_3UTR,68,7,27,0,0,2,4.8,0.0054
NC_016810.1,175,1870767,1870800,+,AAAATTCCTGGATTAAAAAAGGCAGAAGAATCTG,3UTR,1870754,1870817,+,SL1344_1744,minE_3UTR,64,14,68,0,3,0,4.9,0.0027
NC_016810.1,25,299887,299923,-,AGACTCCTGATATTGTCCGACGAAAAAGCCAAAAGGC,CDS,299914,301281,-,SL1344_0255,mltD,89,5,35,1,0,0,5.3,0.00085
NC_016810.1,25,299887,299923,-,AGACTCCTGATATTGTCCGACGAAAAAGCCAAAAGGC,3UTR,299855,299913,-,SL1344_0255,mltD_3UTR,89,5,35,1,0,0,5.3,0.00085
NC_016810.1,187,1978668,1978707,-,TTTAACCGAAACGGTGTGGACAAACACTCCAGCAGCGGTA,5UTR,1978522,1978737,-,SL1344_1858,motA_5UTR,83,34,83,5,3,0,4.2,0.00044
NC_016810.1,9,141333,141361,+,AGAGAGGACGAACGCATGATCAGCAGAGT,CDS,140410,141351,+,SL1344_0120,mraW,47,9,52,0,2,2,4.4,0.0049
NC_016810.1,337,3603138,3603179,+,TGGGCGAAATCCGCGATCTGCTGAAAGAACAAAATAACCGTT,CDS,3602771,3603184,+,SL1344_3377,mscL,94,14,63,0,0,0,6.5,4.8E-05
NC_016810.1,373,4072492,4072529,+,GAGCGTTTCGCCAGACACTAACTTATTGAGTACTTTTA,sRNA,4072486,4072528,+,ncRNA0050,Msr,193,11,39,15,0,0,4.2,0.001
NC_016810.1,330,3496282,3496317,-,GAATAACCTTCTGTACGCTGAACAACCCCCGCGAAC,CDS,3496312,3497571,-,SL1344_3279,murA,98,44,41,0,3,2,4.8,0.00047
NC_016810.1,330,3496282,3496317,-,GAATAACCTTCTGTACGCTGAACAACCCCCGCGAAC,3UTR,3496255,3496311,-,SL1344_3279,murA_3UTR,98,44,41,0,3,2,4.8,0.00047
NC_016810.1,62,742132,742163,-,GTCAACTCATTGAACGCGGGCTGATCAAAGAA,CDS,741103,742323,-,SL1344_0664,nagC,97,41,41,0,0,0,6.8,1.8E-05
NC_016810.1,63,746666,746698,+,CACAGGAAACATAAGCGGCAGAGGGAAACCTTC,3UTR,746622,746718,+,SL1344_0667,nagE_3UTR,11,28,69,0,0,0,5.9,0.00087
NC_016810.1,4,46649,46674,+,ATTTTCCTGATGGCGCTGGCGATCAT,CDS,46190,47356,+,SL1344_0040,nhaA,56,67,69,1,10,0,4.4,0.00081
NC_016810.1,237,2600684,2600720,-,GTTCAACAAGTAATTTAACAGGGCTGGAGCAATCCGG,CDS,2600708,2601742,-,SL1344_2451,nlpB,176,48,95,0,8,0,5.3,0.0002
NC_016810.1,237,2600684,2600720,-,GTTCAACAAGTAATTTAACAGGGCTGGAGCAATCCGG,3UTR,2600666,2600707,-,SL1344_2451,nlpB_3UTR,176,48,95,0,8,0,5.3,0.0002
NC_016810.1,289,3089238,3089267,-,ATAATGATACGATGCTGGTCCGGGAACAAC,CDS,3089110,3090243,-,SL1344_2904,nlpD,85,18,73,2,0,7,4.3,0.00061
NC_016810.1,229,2524201,2524243,+,ATCGCGGCGCTGGTACTGTAAGTCTGGGTTTAATGCAGAAACC,CDS,2523019,2524221,+,SL1344_2377,nupC,69,11,98,3,3,2,3.8,0.0023
NC_016810.1,229,2524201,2524243,+,ATCGCGGCGCTGGTACTGTAAGTCTGGGTTTAATGCAGAAACC,3UTR,2524222,2524274,+,SL1344_2377,nupC_3UTR,69,11,98,3,3,2,3.8,0.0023
NC_016810.1,37,471424,471468,+,AAAAAGTGATTCACAGGCCGGAAAGATAGCGGGCGCTCGATACCC,CDS,471013,471432,+,SL1344_0412,nusB,152,140,189,6,0,0,6.1,7.3E-07
NC_016810.1,37,471424,471468,+,AAAAAGTGATTCACAGGCCGGAAAGATAGCGGGCGCTCGATACCC,3UTR,471433,471496,+,SL1344_0412,nusB_3UTR,152,140,189,6,0,0,6.1,7.3E-07
NC_016810.1,96,1117261,1117291,-,CTTAAGTTTCCGTCTGATAAAAAACCCCGCG,CDS,1117287,1118339,-,SL1344_1010,ompA,942,1117,734,31,58,18,4.7,3.6E-16
NC_016810.1,97,1117294,1117326,-,TAAAGGCGTTAAAGACGTGGTAACTCAGCCGCA,CDS,1117287,1118339,-,SL1344_1010,ompA,2189,391,622,12,63,21,4.8,2.9E-07
NC_016810.1,98,1117332,1117379,-,CGCGCTGCCCTGATCGATTGCCTGGCTCCGGATCGTCGCGTAGAGATC,CDS,1117287,1118339,-,SL1344_1010,ompA,269,55,318,6,13,16,3.9,1.7E-05
NC_016810.1,96,1117261,1117291,-,CTTAAGTTTCCGTCTGATAAAAAACCCCGCG,3UTR,1117238,1117286,-,SL1344_1010,ompA_3UTR,942,1117,734,31,58,18,4.7,3.6E-16
NC_016810.1,213,2363164,2363219,-,CCGCGATGCGGGCATCAACACCGACGACATCGTAGCGCTGGGTCTGGTTTACCAGT,CDS,2363159,2364127,-,SL1344_2237,ompC,228,129,365,1,3,11,5.6,1E-09
NC_016810.1,212,2363126,2363153,-,AAAAGATGTTGCTAAAGGGCCTGCGGGC,3UTR,2363109,2363158,-,SL1344_2237,ompC_3UTR,56,28,91,0,0,0,6.8,2.6E-05
NC_016810.1,154,1613076,1613112,+,GACAACATCGTTGCTGTTGGTCTGAACTACCAGTTCT,CDS,1611987,1613114,+,SL1344_1503,ompD,532,11,441,5,0,2,6.4,3E-11
NC_016810.1,155,1613142,1613167,+,GTCCTTTCAGGGCTGGCTTTTTCTCT,3UTR,1613115,1613173,+,SL1344_1503,ompD_3UTR,1643,731,436,57,8,11,5.3,3.9E-16
NC_016810.1,90,1046342,1046380,-,CAGGCGGCTGTCGGTATTACTTACCAGTTCTGATCAGCA,CDS,1046348,1047439,-,SL1344_0936,ompF,154,28,445,0,0,5,6.9,9.3E-09
NC_016810.1,91,1046396,1046425,-,CTGGACGAAAACGACTACAGCTCCAGCTAC,CDS,1046348,1047439,-,SL1344_0936,ompF,44,28,78,0,0,2,5.7,0.00026
NC_016810.1,92,1046465,1046501,-,GAAATATATTCAGGCGGGCGCGACTTACTACTTCAAC,CDS,1046348,1047439,-,SL1344_0936,ompF,18,11,42,0,0,0,5.4,0.0054
NC_016810.1,89,1046301,1046339,-,CCCCTTTGTTTTATGCCTCAAAAACAGGACTTCGGTCCT,3UTR,1046285,1046347,-,SL1344_0936,ompF_3UTR,140,170,299,5,0,0,6.4,2E-07
NC_016810.1,90,1046342,1046380,-,CAGGCGGCTGTCGGTATTACTTACCAGTTCTGATCAGCA,3UTR,1046285,1046347,-,SL1344_0936,ompF_3UTR,154,28,445,0,0,5,6.9,9.3E-09
NC_016810.1,77,899302,899336,+,CGCTTCTAATCACGTCGGTGAAAATGAAAAATCCG,CDS,898795,899310,+,SL1344_0808,ompX,50,34,52,0,0,0,6.5,0.0001
NC_016810.1,77,899302,899336,+,CGCTTCTAATCACGTCGGTGAAAATGAAAAATCCG,3UTR,899311,899365,+,SL1344_0808,ompX_3UTR,50,34,52,0,0,0,6.5,0.0001
NC_016810.1,168,1796432,1796469,-,AAACATTAATGGCAAGACATGGGACAACTGCGGTTGTC,CDS,1796461,1798092,-,SL1344_1677,oppA,109,39,73,0,0,2,6.3,2.2E-05
NC_016810.1,168,1796432,1796469,-,AAACATTAATGGCAAGACATGGGACAACTGCGGTTGTC,3UTR,1796414,1796460,-,SL1344_1677,oppA_3UTR,109,39,73,0,0,2,6.3,2.2E-05
NC_016810.1,168,1796432,1796469,-,AAACATTAATGGCAAGACATGGGACAACTGCGGTTGTC,5UTR,1796340,1796685,-,SL1344_1676,oppB_5UTR,109,39,73,0,0,2,6.3,2.2E-05
NC_016810.1,167,1792459,1792487,-,GACCCGTTATAATCGCAAGGGCTGACAAT,CDS,1792476,1793480,-,SL1344_1673,oppF,34,39,54,0,0,2,5.6,0.00066
NC_016810.1,167,1792459,1792487,-,GACCCGTTATAATCGCAAGGGCTGACAAT,3UTR,1792435,1792475,-,SL1344_1673,oppF_3UTR,34,39,54,0,0,2,5.6,0.00066
NC_016810.1,269,2997354,2997382,-,AACGTTAAATTACCATCAAGGGCTGCATT,5UTR,2997314,2997413,-,SL1344_2808,oraA_5UTR,318,87,120,1,0,0,7.6,2.3E-09
NC_016810.1,130,1348318,1348344,+,TGTGCGGAGTACGACACTGACCCACAG,CDS,1348018,1348359,+,SL1344_1246,osmE,28,5,34,0,0,0,5.1,0.0099
NC_016810.1,131,1348355,1348403,+,AGTAACAACTGTACATTGCCTGAACATTCAAGGAAACCGGCCTGCGAGC,CDS,1348018,1348359,+,SL1344_1246,osmE,252,90,196,0,0,2,7.5,2.3E-08
NC_016810.1,131,1348355,1348403,+,AGTAACAACTGTACATTGCCTGAACATTCAAGGAAACCGGCCTGCGAGC,3UTR,1348360,1348421,+,SL1344_1246,osmE_3UTR,252,90,196,0,0,2,7.5,2.3E-08
NC_016810.1,436,4837324,4837349,+,CGTGCTCTTCCTGGTCAGCCTGTTCA,3UTR,4837080,4837433,+,SL1344_4489,osmY_3UTR,31,48,34,1,0,7,4,0.0065
NC_016810.1,437,4837354,4837387,+,CCGTAAACGACCCTAGCAGGCATCTGTAAAGATA,3UTR,4837080,4837433,+,SL1344_4489,osmY_3UTR,29,7,56,1,0,0,4.9,0.0043
NC_016810.1,438,4837395,4837425,+,ATCAAGCCAGTCCAGCGGACTGGCTTTTACG,3UTR,4837080,4837433,+,SL1344_4489,osmY_3UTR,177,44,78,2,3,5,4.6,2.1E-05
NC_016810.1,114,1289629,1289666,+,GGCTTCAACGTCGGGGTTGGATACCGTTTCTGAAAAGC,CDS,1289191,1289661,+,SL1344_1184,pagC,24,48,79,0,0,0,6.5,7E-05
NC_016810.1,114,1289629,1289666,+,GGCTTCAACGTCGGGGTTGGATACCGTTTCTGAAAAGC,3UTR,1289662,1289761,+,SL1344_1184,pagC_3UTR,24,48,79,0,0,0,6.5,7E-05
NC_016810.1,72,817220,817248,+,TTACTAAGAGAATTGCATGAGCAGTAACT,CDS,816702,817226,+,SL1344_0731,pal,16,18,88,0,0,2,5.2,0.0012
NC_016810.1,352,3679678,3679726,+,CTGGTTAGCGCCGGACCGAAGCTGTAAGGAACAGGCCGGATGGCGGCTT,CDS,3678085,3679704,+,SL1344_3467,pckA,130,85,162,2,0,5,5.7,1.7E-07
NC_016810.1,352,3679678,3679726,+,CTGGTTAGCGCCGGACCGAAGCTGTAAGGAACAGGCCGGATGGCGGCTT,3UTR,3679705,3679789,+,SL1344_3467,pckA_3UTR,130,85,162,2,0,5,5.7,1.7E-07
NC_016810.1,353,3679735,3679765,+,GTCATCCGGCGTTGAGAAGAAAGGGAGGGTA,3UTR,3679705,3679789,+,SL1344_3467,pckA_3UTR,397,618,870,10,14,9,5.6,1.8E-17
NC_016810.1,26,360409,360430,-,CCCATTTCTGGACGGGCTATCA,3UTR,360351,360450,-,SL1344_0312,pepD_3UTR,111,16,5,0,0,0,5.6,0.001
NC_016810.1,86,1011641,1011670,-,CCATGTAATGGGTTTGACTGAAATTACGCC,CDS,1011663,1013945,-,SL1344_0910,pflB,32,21,35,0,0,0,5.8,0.0014
NC_016810.1,85,1011611,1011635,-,AAGCGTACAAAAAAGGCTCCATATC,3UTR,1011588,1011662,-,SL1344_0910,pflB_3UTR,16,5,64,0,0,0,5.3,0.0053
NC_016810.1,86,1011641,1011670,-,CCATGTAATGGGTTTGACTGAAATTACGCC,3UTR,1011588,1011662,-,SL1344_0910,pflB_3UTR,32,21,35,0,0,0,5.8,0.0014
NC_016810.1,308,3251391,3251425,-,GCGCTAAGAAGTAATCGTTACGGGCAGGGATTCCT,CDS,3251412,3252575,-,SL1344_3045,pgk,86,14,44,0,0,0,6.3,0.00013
NC_016810.1,66,760806,760835,+,CTGATGGGCGATATGGAAGAAAAAGGAGCC,CDS,759169,760809,+,SL1344_0680,pgm,39,16,47,0,0,0,6,0.00077
NC_016810.1,66,760806,760835,+,CTGATGGGCGATATGGAAGAAAAAGGAGCC,3UTR,760810,760860,+,SL1344_0680,pgm_3UTR,39,16,47,0,0,0,6,0.00077
NC_016810.1,257,2808597,2808628,+,AGAATGCGAAGACGAACAAGAAGGCCTCCCCC,5UTR,2808570,2808669,+,SL1344_2625,pheA_5UTR,95,67,171,0,5,0,5.9,1.9E-05
NC_016810.1,104,1171490,1171514,+,TAATATAGCATTGACTTTCAGAGCC,CDS,1170638,1171492,+,SL1344_1064,phoH,6,46,39,0,0,0,5.6,0.0024
NC_016810.1,104,1171490,1171514,+,TAATATAGCATTGACTTTCAGAGCC,3UTR,1171493,1171541,+,SL1344_1064,phoH_3UTR,6,46,39,0,0,0,5.6,0.0024
NC_016810.1,103,1170545,1170573,+,CCATACCCATGACGTCATATGTGGTGCGC,5UTR,1170379,1170637,+,SL1344_1064,phoH_5UTR,111,136,90,1,0,5,5.8,2.1E-06
NC_016810.1,102,1134339,1134365,-,CATTTTTTACGTCTGAACTACACCAGC,CDS,1134195,1134536,-,SL1344_1029,pipC,51,37,27,0,0,0,6.2,0.00032
NC_016810.1,101,1134135,1134163,-,TAAAACGCGATACGTATGCCCTTTACAAG,3UTR,1134095,1134194,-,SL1344_1029,pipC_3UTR,46,18,63,0,0,0,6.3,0.00023
NC_016810.1,108,1232279,1232318,+,AGGCAGCGACGATACCTTGACACGTCTAACCCTGGCGTTA,CDS,1232295,1233374,+,SL1344_1129,plsX,50,34,120,0,3,0,5.5,0.00029
NC_016810.1,109,1232344,1232382,+,CTTCCGTGACGGTGCCTGCAGCATTGCAGGCACTGAACG,CDS,1232295,1233374,+,SL1344_1129,plsX,98,16,78,3,0,0,5.3,0.00012
NC_016810.1,220,2403276,2403303,+,CGCACAACGGGCAAAGCGATGGGCGATT,CDS,2402829,2403812,+,SL1344_2267,pmrF,64,14,19,0,0,0,5.7,0.0014
NC_017718.1,9,41791,41820,+,GCGTTTTGTGGACGGTATACAGCAGAAAGC,plasmid,41782,42066,+,SL1344_P2_0053,pndC,101,23,44,0,0,5,5.1,0.00094
NC_016810.1,431,4675281,4675307,-,AAGCGTCAAGATAAAGGCTCTCATAGT,3UTR,4675257,4675321,-,SL1344_4347,ppa_3UTR,275,18,51,11,0,0,5,3.4E-05
NC_016810.1,134,1386977,1387029,+,GAGTCTGGCGGAACTGAAGAAGTAGTGTAATACCGGATGGCGGCGTTAACGTC,CDS,1384623,1387001,+,SL1344_1283,pps,155,11,88,1,8,0,4.5,0.0027
NC_016810.1,134,1386977,1387029,+,GAGTCTGGCGGAACTGAAGAAGTAGTGTAATACCGGATGGCGGCGTTAACGTC,3UTR,1387002,1387053,+,SL1344_1283,pps_3UTR,155,11,88,1,8,0,4.5,0.0027
NC_016810.1,276,3038958,3038982,-,AGTACGGGGCGGAAGGTTATATCAA,CDS,3038918,3040096,-,SL1344_2854,prgH,26,32,64,0,0,9,4.3,0.0049
NC_016810.1,275,3038303,3038336,-,ACGCTCATGATTCGTCGATATCTATATACTTTTC,CDS,3038327,3038632,-,SL1344_2852,prgJ,21,16,54,0,2,0,5,0.0048
NC_016810.1,270,3037784,3037812,-,TAGTTTTGCCGATGTGGATTATGACAACA,CDS,3037572,3038330,-,SL1344_2851,prgK,52,2,52,1,0,0,4.9,0.0033
NC_016810.1,271,3037957,3037985,-,TCATTACAGACGATGGAGGGCGTGCTCTC,CDS,3037572,3038330,-,SL1344_2851,prgK,46,16,98,0,2,2,5,0.00047
NC_016810.1,272,3038133,3038158,-,TTACCGTTGCTGAGCCTGATTTTACC,CDS,3037572,3038330,-,SL1344_2851,prgK,242,7,52,0,0,5,5.2,0.00038
NC_016810.1,273,3038162,3038191,-,ATAAAATTGATAGCGGAAAATTGGGCTATA,CDS,3037572,3038330,-,SL1344_2851,prgK,71,18,52,0,0,2,5.6,0.0004
NC_016810.1,274,3038231,3038278,-,GTAAGGATAAGGATCTTTTAAAAGGACTGGACCAGGAACAGGCTAATG,CDS,3037572,3038330,-,SL1344_2851,prgK,98,14,90,6,0,0,4.8,0.00043
NC_016810.1,275,3038303,3038336,-,ACGCTCATGATTCGTCGATATCTATATACTTTTC,CDS,3037572,3038330,-,SL1344_2851,prgK,21,16,54,0,2,0,5,0.0048
NC_016810.1,341,3608394,3608421,-,GAATATGCCTGGTATGCAGGGCCTGGTG,CDS,3607509,3608840,-,SL1344_3387,prlA,23,7,73,0,2,0,4.9,0.0047
NC_016810.1,28,368155,368181,+,GTAATTAATGACGAGCGGTGCAAAAAT,CDS,366908,368158,+,SL1344_0318,proA,17,21,29,0,0,0,5.4,0.006
NC_016810.1,28,368155,368181,+,GTAATTAATGACGAGCGGTGCAAAAAT,3UTR,368159,368258,+,SL1344_0318,proA_3UTR,17,21,29,0,0,0,5.4,0.006
NC_016810.1,414,4552177,4552205,+,CTCCCTCCGCTCGACGGCGACGCTGGCGC,5UTR,4552158,4552261,+,SL1344_4227,proP_5UTR,41,161,59,0,0,0,7.3,1.9E-06
NC_016810.1,171,1835552,1835592,+,CGAGCATTGATCGAACCCGGATCTGAAACCCGCTGCGGCGG,CDS,1834614,1835561,+,SL1344_1708,prs,640,103,125,45,5,2,4.3,1.3E-07
NC_016810.1,171,1835552,1835592,+,CGAGCATTGATCGAACCCGGATCTGAAACCCGCTGCGGCGG,3UTR,1835562,1835608,+,SL1344_1708,prs_3UTR,640,103,125,45,5,2,4.3,1.3E-07
NC_016810.1,31,437509,437544,+,AAAAAAGCGGCGTAGTGCTATCGGGTGAGTCCTGAA,CDS,437203,437523,+,SL1344_0379,psiF,187,37,86,0,3,2,5.3,4.6E-05
NC_016810.1,231,2542583,2542615,+,AATCAGTCACAAGTAAGGTAGGGTTATGATTTC,CDS,2542608,2544335,+,SL1344_2395,ptsI,38,7,66,3,0,0,4.4,0.0057
NC_016810.1,428,4631013,4631052,+,ACAGTGTGATACATTGCTGTGTCGGGTAAGCCATTACGCT,3UTR,4630975,4631074,+,SL1344_4299,purA_3UTR,130,55,179,2,2,0,6,4.3E-07
NC_016810.1,393,4258865,4258890,+,AGGATAATATGACGACTCTGGCGGGA,CDS,4258780,4259652,+,SL1344_3973,rbn,62,7,20,1,0,0,4.9,0.0041
NC_016810.1,214,2368404,2368444,+,GCCTACCAGTCGACTCATCTTTTACAGGCCGGACAGGCGAC,3UTR,2368361,2368460,+,SL1344_2239,rcsB_3UTR,87,18,49,8,0,2,4,0.0019
NC_016810.1,269,2997354,2997382,-,AACGTTAAATTACCATCAAGGGCTGCATT,3UTR,2997330,2997429,-,SL1344_2809,recA_3UTR,318,87,120,1,0,0,7.6,2.3E-09
NC_016810.1,319,3383019,3383058,-,GACCTGGTGCATCATAACCCTTTCCTTATTAAAGCCCCTT,3UTR,3382992,3383263,-,SL1344_3173,rfaE_3UTR,122,269,321,5,3,7,5.3,4.5E-10
NC_016810.1,320,3383082,3383123,-,TCCCCCCCTCTGATTGTCTGTTAGTAAGCTGCGAAACTTATC,3UTR,3382992,3383263,-,SL1344_3173,rfaE_3UTR,363,115,259,19,0,9,4.9,2.8E-08
NC_016810.1,383,4148381,4148411,+,GCTCATAACCTGGTCTTTACCTGAAAACGCC,CDS,4147129,4148388,+,SL1344_3876,rho,29,62,54,0,2,0,5.8,0.00026
NC_016810.1,383,4148381,4148411,+,GCTCATAACCTGGTCTTTACCTGAAAACGCC,3UTR,4148389,4148441,+,SL1344_3876,rho_3UTR,29,62,54,0,2,0,5.8,0.00026
NC_016810.1,317,3378529,3378555,-,TCGAACGGATCATGGTTGAAAAAAGCC,3UTR,3378497,3378555,-,SL1344_3168,ribB_3UTR,45,21,14,0,0,0,5.5,0.003
NC_016810.1,259,2826006,2826040,-,CAAAGCGTGTTGTAAAACAAGGGGTTAGCGAATTG,3UTR,2825983,2826060,-,SL1344_2646,rpl19_3UTR,88,7,117,0,0,2,5.8,6.8E-05
NC_016810.1,132,1372231,1372256,+,CCAGTGAAAAGAGGGAGCCTGGCTCC,3UTR,1372230,1372274,+,SL1344_1270,rpl20_3UTR,38,25,105,1,0,14,4,0.002
NC_016810.1,404,4385568,4385602,+,ACTAAGATTAGTCTTTACGTGGGCGGTGATTTTGT,CDS,4384868,4385572,+,SL1344_4089,rplA,44,23,157,4,0,7,4.1,0.00046
NC_016810.1,338,3604335,3604365,-,AGAGTAATCTGTAGTAACGTAAAAAAACCCG,CDS,3604359,3604742,-,SL1344_3381,rplQ,448,71,139,23,6,5,4.1,2.6E-07
NC_016810.1,339,3604489,3604515,-,GGCAAAACTGTTTAACGAGCTGGGCCC,CDS,3604359,3604742,-,SL1344_3381,rplQ,67,0,69,0,0,0,5.6,0.0025
NC_016810.1,338,3604335,3604365,-,AGAGTAATCTGTAGTAACGTAAAAAAACCCG,3UTR,3604310,3604358,-,SL1344_3381,rplQ_3UTR,448,71,139,23,6,5,4.1,2.6E-07
NC_016810.1,210,2324392,2324428,+,TACAAACCGAAGCTGACTCACATCGACTTCGTTCGCG,CDS,2324149,2324433,+,SL1344_2201,rplY,165,34,115,0,2,0,6.7,2.6E-06
NC_016810.1,340,3607316,3607346,-,TTTCTTGCAAAGTTGGGTTGAGCTGGCTAGA,3UTR,3607289,3607360,-,SL1344_3386,rpmJ_3UTR,57,18,95,4,2,0,4.3,0.001
NC_016810.1,405,4395535,4395569,+,AACGCAGGTCTGGGCGGTTCTGATAACGAGTAATC,CDS,4391344,4395567,+,SL1344_4093,rpoC,142,57,167,0,0,7,6.1,2.7E-06
NC_016810.1,321,3398948,3398976,+,GATTAATTCGCCGCACACGTATAAACGCC,CDS,3397106,3398953,+,SL1344_3185,rpoD,57,18,52,0,0,0,6.3,0.00022
NC_016810.1,321,3398948,3398976,+,GATTAATTCGCCGCACACGTATAAACGCC,3UTR,3398954,3399005,+,SL1344_3185,rpoD_3UTR,57,18,52,0,0,0,6.3,0.00022
NC_016810.1,361,3757216,3757247,-,CTTCGCGAATTGCCAATGAACCCTCGAATGTG,3UTR,3757191,3757248,-,SL1344_3533,rpoH_3UTR,262,71,161,4,0,0,6.5,4E-08
NC_016810.1,288,3088057,3088102,-,ATTCTGCAGACGCAGGGGCTGAATATCGAAGCGCTGTTCCGCGAGT,CDS,3088055,3089047,-,SL1344_2903,rpoS,69,18,110,0,0,0,6.8,1.9E-05
NC_016810.1,287,3088006,3088032,-,AGTCTGTCGACTGGCCTTTTTTTTACC,3UTR,3088003,3088054,-,SL1344_2903,rpoS_3UTR,528,152,155,0,3,5,6.3,2.3E-08
NC_016810.1,289,3089238,3089267,-,ATAATGATACGATGCTGGTCCGGGAACAAC,5UTR,3089048,3089613,-,SL1344_2903,rpoS_5UTR,85,18,73,2,0,7,4.3,0.00061
NC_016810.1,260,2828120,2828145,-,GCTTTTAATATGACGCCGGGCTCCGT,5UTR,2828077,2828145,-,SL1344_2649,rps16_5UTR,209,46,73,15,0,9,3.8,0.00026
NC_016810.1,17,255162,255202,+,TTATAGACCAGGTAGTATCACGTTTGGTTAGGGGGCCTGTA,3UTR,255019,255227,+,SL1344_0217,rpsB_3UTR,55,18,167,1,2,0,5.4,4.4E-05
NC_016810.1,333,3533781,3533807,-,GCAGACAACTGTTAGCGAAAAAACCCG,3UTR,3533756,3533822,-,SL1344_3316,rpsI_3UTR,310,85,144,17,6,5,4.1,3.1E-07
NC_016810.1,260,2828120,2828145,-,GCTTTTAATATGACGCCGGGCTCCGT,sRNA,2828093,2828145,-,ncRNA0102,rpsP-leader,209,46,73,15,0,9,3.8,0.00026
NC_016810.1,343,3613047,3613083,-,TCGCGTTGTAGAGAAAGCGGTTCTGTAATACAGTACG,CDS,3613056,3613310,-,SL1344_3398,rpsQ,328,85,365,23,2,9,4.6,1.6E-08
NC_016810.1,344,3613084,3613107,-,CAAGACCAAATCCTGGACTCTGGT,CDS,3613056,3613310,-,SL1344_3398,rpsQ,174,64,245,11,0,5,5,5E-07
NC_016810.1,342,3613013,3613038,-,ACGAATAAACGGCTCAGCGATGGGCC,3UTR,3612996,3613055,-,SL1344_3398,rpsQ_3UTR,30,39,135,0,0,0,6.9,1.4E-05
NC_016810.1,343,3613047,3613083,-,TCGCGTTGTAGAGAAAGCGGTTCTGTAATACAGTACG,3UTR,3612996,3613055,-,SL1344_3398,rpsQ_3UTR,328,85,365,23,2,9,4.6,1.6E-08
NC_016810.1,5,52242,52273,-,GCTTGTTATCAGCTTTGTAGAAAAACCCGCGT,3UTR,52219,52279,-,SL1344_0044,rpsT_3UTR,185,18,73,10,0,2,4.5,8.1E-05
NC_016810.1,153,1602477,1602519,+,GCCAAAAGTAATCGTACAGTCCTGAAATGACGTTAAACACCAT,CDS,1602344,1602487,+,SL1344_1495,rpsV,95,41,74,0,2,2,5.5,4.2E-05
NC_016810.1,153,1602477,1602519,+,GCCAAAAGTAATCGTACAGTCCTGAAATGACGTTAAACACCAT,3UTR,1602488,1602550,+,SL1344_1495,rpsV_3UTR,95,41,74,0,2,2,5.5,4.2E-05
NC_016810.1,214,2368404,2368444,+,GCCTACCAGTCGACTCATCTTTTACAGGCCGGACAGGCGAC,sRNA,2368367,2368466,+,ncRNA0498,RUF_107c.112,87,18,49,8,0,2,4,0.0019
NC_016810.1,381,4140396,4140425,+,GATATACCTTGTCGGGGGGCGCTAGCGCTT,sRNA,4140293,4140495,+,ncRNA0523,RUF_107c.53,14,46,29,1,2,0,4.4,0.006
NC_016810.1,434,4737475,4737505,-,GCCATCCGACAACATGAATTATGGGCCGACG,sRNA,4737458,4737715,-,ncRNA0545,RUF_107c.95,53,11,47,0,0,5,4.6,0.0041
NC_016810.1,435,4745117,4745142,+,TAATCACAGTAATCGTAGGCCTGATG,sRNA,4745087,4745192,+,ncRNA0546,RUF_107c.96,71,11,7,0,0,0,5.2,0.0044
NC_016810.1,242,2672924,2672946,+,CCCTGTTGGGCGGCTTTCTTTTC,sRNA,2672651,2672945,+,ncRNA0067,RyfA,15,69,19,1,3,0,4.1,0.0056
NC_016810.1,254,2805079,2805114,-,ATGGGAGGAGTTATGCGTCTGGATCGTCTTACTAAC,sRNA,2805082,2805222,-,ncRNA0068,RyfD,915,563,407,19,45,101,3.6,1.3E-05
NC_016810.1,255,2805190,2805227,-,AAGAATCAAGACGATCCGGTACGGGTAACTTTCTTTTC,sRNA,2805082,2805222,-,ncRNA0068,RyfD,470,543,233,10,50,53,3.5,2E-05
NC_016810.1,156,1662214,1662261,-,CGAAGGCGACGGAGATCGGCAGAAGAGTTATCGCTCTCTGCAGGGGAT,sRNA,1662190,1662282,-,ncRNA0070,RyjB,77,117,73,0,6,9,4.3,0.00022
NC_016810.1,198,2071380,2071410,+,CCGGAGCTGCACACTCGCGGGCGTCACCCTT,sRNA,2071343,2071409,+,ncRNA0071,Sar,218,223,149,0,10,28,4.4,0.00012
NC_016810.1,69,800627,800658,+,GCATAAGTAGTTGTAGTGGTTGCCGGATGGCG,CDS,799913,800632,+,SL1344_0717,sdhB,132,18,78,3,2,2,4.6,7.5E-05
NC_016810.1,69,800627,800658,+,GCATAAGTAGTTGTAGTGGTTGCCGGATGGCG,3UTR,800633,800732,+,SL1344_0717,sdhB_3UTR,132,18,78,3,2,2,4.6,7.5E-05
NC_016810.1,182,1925641,1925670,-,AAGAGCCATTTCCCTGGACCGAATACAGGA,sRNA,1925621,1925723,-,ncRNA0072,SdsR,123,290,130,9,32,30,3,0.0001
NC_016810.1,34,461833,461867,+,CTTTGTGGAAGTACATCATGCTGGTCGTCGTGATT,CDS,461817,463664,+,SL1344_0402,secD,137,16,66,0,2,2,5.2,0.0002
NC_016810.1,403,4383132,4383168,+,TTGACGCAATGCGCAATAAAAGGGCATCATTTGATGC,5UTR,4383167,4383347,+,SL1344_4086,secE_5UTR,27,5,68,0,0,2,4.8,0.0045
NC_016810.1,35,464649,464687,+,ACGTATTTAAGTGTTATCTGAATCCCGGTCATGCGATCG,3UTR,464647,464705,+,SL1344_0403,secF_3UTR,83,11,44,0,3,0,4.8,0.0046
NC_016810.1,327,3482430,3482459,-,CCAATATTCCGAAAGAAAGACGCTGAAAAG,3UTR,3482411,3482556,-,SL1344_3264,secG_3UTR,101,57,32,9,6,5,3.1,0.0021
NC_016810.1,84,1001625,1001666,+,ATGAACGGACTGGAATATATCGGCTAATCCTCGCTTTCTCCT,CDS,1000359,1001651,+,SL1344_0901,serS,122,14,208,0,0,2,6.5,1.3E-06
NC_016810.1,84,1001625,1001666,+,ATGAACGGACTGGAATATATCGGCTAATCCTCGCTTTCTCCT,3UTR,1001652,1001705,+,SL1344_0901,serS_3UTR,122,14,208,0,0,2,6.5,1.3E-06
NC_016810.1,204,2211644,2211686,+,CTCCCCCTGGTGTCTTAGTAAGCTGGTAGGCTAATCACTAAGA,sRNA,2211623,2211781,+,ncRNA0074,SibA,52,147,294,0,13,16,4.3,1.2E-05
NC_016810.1,205,2211694,2211742,+,CAGTATGATGACTACCTTCATCATAACCCTTTCCTTATTTTGGCCCCTT,sRNA,2211623,2211781,+,ncRNA0074,SibA,121,140,152,0,0,2,7.3,3.2E-07
NC_016810.1,304,3243687,3243727,+,ACCTCCCTCCTGCGTACTCACTGTTAATATGCTGGGCAAGC,sRNA,3243669,3243814,+,ncRNA0075,SibC,158,115,176,1,2,11,5.2,2.2E-07
NC_016810.1,305,3243755,3243799,+,GACGTATCTCATCATCGTCCCTTTCCTTTTTAGAGCCCCTGCCTC,sRNA,3243669,3243814,+,ncRNA0075,SibC,688,487,522,11,18,23,5,2.9E-14
NC_016810.1,319,3383019,3383058,-,GACCTGGTGCATCATAACCCTTTCCTTATTAAAGCCCCTT,sRNA,3382993,3383144,-,ncRNA0076,SibD,122,269,321,5,3,7,5.3,4.5E-10
NC_016810.1,320,3383082,3383123,-,TCCCCCCCTCTGATTGTCTGTTAGTAAGCTGCGAAACTTATC,sRNA,3382993,3383144,-,ncRNA0076,SibD,363,115,259,19,0,9,4.9,2.8E-08
NC_016810.1,411,4522578,4522607,+,AGGTGGTACTGCTTAATAAAAAAGACCCGT,3UTR,4522552,4522636,+,SL1344_4198,siiF_3UTR,34,7,46,0,2,0,4.8,0.0072
NC_016810.1,285,3052933,3052971,-,GCAAAATAAATTGCAATCGCTGGACCCGGCTGACCCCGG,CDS,3051690,3053471,-,SL1344_2864,sipB,56,9,39,0,0,5,4.4,0.0071
NC_016810.1,282,3050408,3050450,-,GGCAATATTCGCGCTTAATCTGAAAGGTCATCTATACGCCATC,CDS,3050433,3051662,-,SL1344_2863,sipC,102,34,150,0,0,0,7.4,9.5E-07
NC_016810.1,283,3050641,3050692,-,CGGGCGATCTGATTATGAAGAACTCGGTCACGGTCGGTGGTATTGCAGGGGC,CDS,3050433,3051662,-,SL1344_2863,sipC,87,37,88,6,0,7,4,0.00029
NC_016810.1,284,3051159,3051187,-,CTAAAACGACGGCAAGCTCCATGATGCGC,CDS,3050433,3051662,-,SL1344_2863,sipC,59,60,93,0,5,0,5.4,0.00016
NC_016810.1,280,3050142,3050176,-,CAGTCAACGCCACCGATCTCTGAAGAGAATAATGA,CDS,3049331,3050362,-,SL1344_2862,sipD,26,30,41,0,0,5,4.6,0.0056
NC_016810.1,30,410780,410821,+,GATTTCGCTCCTGACTGATACCCCCGGACGCGCTTTCGTCGC,CDS,410679,410903,+,SL1344_0357,SL1344_0357,103,133,90,0,0,0,7.8,1.6E-07
NC_016810.1,32,457526,457564,-,CTGTAAGTCAGTGCATTGATAAAAGGCTCGCGAATGCGA,CDS,457559,458161,-,SL1344_0397,SL1344_0397,93,44,61,0,6,2,4.5,0.00083
NC_016810.1,33,457587,457612,-,GCCTCTCCGGACGGCGTGGCTAAATA,CDS,457559,458161,-,SL1344_0397,SL1344_0397,63,94,85,4,2,9,4,0.00013
NC_016810.1,32,457526,457564,-,CTGTAAGTCAGTGCATTGATAAAAGGCTCGCGAATGCGA,3UTR,457509,457558,-,SL1344_0397,SL1344_0397_3UTR,93,44,61,0,6,2,4.5,0.00083
NC_016810.1,36,466557,466584,+,CGCATACATTGTCACTGGAATCCCGATC,3UTR,466395,466611,+,SL1344_0406,SL1344_0406_3UTR,36,16,24,0,0,0,5.6,0.0033
NC_016810.1,37,471424,471468,+,AAAAAGTGATTCACAGGCCGGAAAGATAGCGGGCGCTCGATACCC,5UTR,471411,471510,+,SL1344_0413,SL1344_0413_5UTR,152,140,189,6,0,0,6.1,7.3E-07
NC_016810.1,47,523366,523399,+,CCCAGGTCAATTCGTCTTCTGCCGTTCCTGCGCC,CDS,522843,523412,+,SL1344_0459,SL1344_0459,40,9,181,1,0,2,5.2,6.7E-05
NC_016810.1,48,523404,523433,+,CAGTATTAATCCTGCGCCAACCCTCTCCGT,CDS,522843,523412,+,SL1344_0459,SL1344_0459,18,53,162,0,0,0,6.9,1E-05
NC_016810.1,48,523404,523433,+,CAGTATTAATCCTGCGCCAACCCTCTCCGT,3UTR,523413,523512,+,SL1344_0459,SL1344_0459_3UTR,18,53,162,0,0,0,6.9,1E-05
NC_016810.1,52,597894,597931,-,ACTTGCATCTGCAAACGGAAGAACCGGCGATCGTCGCC,CDS,597231,597953,-,SL1344_0528,SL1344_0528,68,7,39,0,0,0,5.9,0.00076
NC_016810.1,53,601974,601999,-,CAAAGTGTGAACGTCGTGGCCTGATA,CDS,601976,602188,-,SL1344_0534,SL1344_0534,176,9,63,0,0,7,4.9,0.00085
NC_016810.1,57,676836,676877,-,GTATTGGTTGTGCGTTAACTCTGGTGGCTAAAAACTTACACG,CDS,676860,677288,-,SL1344_0602,SL1344_0602,124,184,301,0,2,9,6.1,3.1E-09
NC_016810.1,56,676804,676829,-,CAGGTCACGCCTGGCAGGGCTTTTTA,3UTR,676796,676859,-,SL1344_0602,SL1344_0602_3UTR,10,55,64,0,0,0,6.1,0.00032
NC_016810.1,57,676836,676877,-,GTATTGGTTGTGCGTTAACTCTGGTGGCTAAAAACTTACACG,3UTR,676796,676859,-,SL1344_0602,SL1344_0602_3UTR,124,184,301,0,2,9,6.1,3.1E-09
NC_016810.1,71,811932,811960,+,AGTATATTTATGCGGTAATGGACAAGCGC,CDS,811928,812209,+,SL1344_0725,SL1344_0725,88,57,66,1,0,0,6.4,1E-05
NC_016810.1,75,844733,844776,+,CAGAAAGACCAGTCCAGACAGAACCGCTGATTTCCCCAAACGCC,CDS,844511,844762,+,SL1344_0757,SL1344_0757,648,290,362,6,0,2,7.1,4.6E-14
NC_016810.1,75,844733,844776,+,CAGAAAGACCAGTCCAGACAGAACCGCTGATTTCCCCAAACGCC,3UTR,844763,844804,+,SL1344_0757,SL1344_0757_3UTR,648,290,362,6,0,2,7.1,4.6E-14
NC_016810.1,80,961202,961235,-,CCCATAACCCCGTAAATTGTCTGGCATTCTGCCC,3UTR,961161,961260,-,SL1344_0868,SL1344_0868_3UTR,9,44,71,0,3,0,4.7,0.0025
NC_016810.1,94,1061589,1061614,-,CCAAAGAACTCATCCATACAGGTAGC,5UTR,1061568,1061667,-,SL1344_0949,SL1344_0949_5UTR,24,9,29,0,0,0,5.2,0.0096
NC_016810.1,94,1061589,1061614,-,CCAAAGAACTCATCCATACAGGTAGC,3UTR,1061560,1061616,-,SL1344_0950,SL1344_0950_3UTR,24,9,29,0,0,0,5.2,0.0096
NC_016810.1,100,1130566,1130607,-,TTCGCCAGCCGCGACTAATCGACATTCCCCTCTTCCAGCCCT,CDS,1130590,1131168,-,SL1344_1025,SL1344_1025,68,53,127,0,0,0,7.3,1.7E-06
NC_016810.1,100,1130566,1130607,-,TTCGCCAGCCGCGACTAATCGACATTCCCCTCTTCCAGCCCT,3UTR,1130538,1130589,-,SL1344_1025,SL1344_1025_3UTR,68,53,127,0,0,0,7.3,1.7E-06
NC_016810.1,111,1272816,1272842,-,GCAAACTATCCACAACGATCGCCGCCA,3UTR,1272777,1272876,-,SL1344_1167,SL1344_1167_3UTR,46,39,47,0,0,0,6.5,0.00012
NC_016810.1,118,1290872,1290900,-,TAACCTTAAGAAATGCCTGAAGACTCATC,CDS,1290898,1291242,-,SL1344_1185,SL1344_1185,23,14,29,0,0,0,5.3,0.0066
NC_016810.1,118,1290872,1290900,-,TAACCTTAAGAAATGCCTGAAGACTCATC,3UTR,1290798,1290897,-,SL1344_1185,SL1344_1185_3UTR,23,14,29,0,0,0,5.3,0.0066
NC_016810.1,119,1292853,1292878,+,CCGTTTAGACGGGCCTTCATTGTCTG,3UTR,1292837,1292886,+,SL1344_1187,SL1344_1187_3UTR,50,44,25,0,0,0,6.3,0.00026
NC_016810.1,121,1294967,1294993,-,TAAGAGGACAATAACAACAGTAAGCCG,CDS,1294980,1295294,-,SL1344_1190,SL1344_1190,106,0,46,0,0,0,5.6,0.002
NC_016810.1,121,1294967,1294993,-,TAAGAGGACAATAACAACAGTAAGCCG,3UTR,1294938,1294979,-,SL1344_1190,SL1344_1190_3UTR,106,0,46,0,0,0,5.6,0.002
NC_016810.1,122,1310236,1310273,+,CTAAACGCAGAACTTTCAGAGATAATAAAGGCTACGAC,CDS,1309991,1310239,+,SL1344_1210,SL1344_1210,136,9,47,0,2,2,4.8,0.001
NC_016810.1,122,1310236,1310273,+,CTAAACGCAGAACTTTCAGAGATAATAAAGGCTACGAC,3UTR,1310240,1310296,+,SL1344_1210,SL1344_1210_3UTR,136,9,47,0,2,2,4.8,0.001
NC_016810.1,124,1321792,1321827,+,ATTGAATTTGCCGGAAAAACCACGACAAAGCCTGCG,3UTR,1321789,1321851,+,SL1344_1221,SL1344_1221_3UTR,144,41,159,0,2,0,6.9,1.7E-06
NC_016810.1,125,1325507,1325541,-,AGATGACACAGTCATTGGTAAGAGCGACTCAGGTC,5UTR,1325466,1325565,-,SL1344_1224A,SL1344_1224A_5UTR,148,48,118,0,2,2,6,2.5E-06
NC_016810.1,126,1325552,1325584,-,AACAAAGTACTGGACCTGATTGCTCACATCTCC,5UTR,1325466,1325565,-,SL1344_1224A,SL1344_1224A_5UTR,301,39,125,13,14,7,3.3,0.0005
NC_016810.1,127,1327660,1327690,+,CCAATGCGTTGTGCTTACCGGGCCTGCTCAT,3UTR,1327617,1327716,+,SL1344_1227,SL1344_1227_3UTR,70,48,81,0,3,0,5.6,0.00014
NC_016810.1,128,1345901,1345934,+,CGCATAATTTAAGACCGCCGGTCTTGTCGACAAC,3UTR,1345896,1345978,+,SL1344_1243,SL1344_1243_3UTR,123,69,85,2,5,9,4.1,6.5E-05
NC_016810.1,129,1345935,1345971,+,ACAATCGTTGAGGTGGACAGGATCGGCGGTTTTCTTT,3UTR,1345896,1345978,+,SL1344_1243,SL1344_1243_3UTR,624,92,210,8,2,9,5.4,3.5E-10
NC_016810.1,135,1415848,1415874,+,GCAGCAAACGACGGACAAAAAAATGGC,3UTR,1415843,1415903,+,SL1344_1309,SL1344_1309_3UTR,29,5,37,0,0,0,5.2,0.0077
NC_016810.1,146,1468443,1468483,+,AAAATATAAAACTCAGGAGCCGGACGCAGAGTAATCTGTGC,CDS,1468129,1468476,+,SL1344_1365,SL1344_1365,174,16,100,10,0,2,4.5,5.1E-05
NC_016810.1,146,1468443,1468483,+,AAAATATAAAACTCAGGAGCCGGACGCAGAGTAATCTGTGC,3UTR,1468477,1468525,+,SL1344_1365,SL1344_1365_3UTR,174,16,100,10,0,2,4.5,5.1E-05
NC_016810.1,151,1497598,1497628,-,TTATAACAGACGTAAAACTCCTCCAGGCGGT,5UTR,1497562,1497624,-,SL1344_1396,SL1344_1396_5UTR,286,21,41,0,0,0,7.1,4.9E-07
NC_016810.1,154,1613076,1613112,+,GACAACATCGTTGCTGTTGGTCTGAACTACCAGTTCT,5UTR,1613098,1613197,+,SL1344_1504,SL1344_1504_5UTR,532,11,441,5,0,2,6.4,3E-11
NC_016810.1,155,1613142,1613167,+,GTCCTTTCAGGGCTGGCTTTTTCTCT,5UTR,1613098,1613197,+,SL1344_1504,SL1344_1504_5UTR,1643,731,436,57,8,11,5.3,3.9E-16
NC_016810.1,159,1713041,1713074,+,TCAAACACCGGTTGAACTGGACGACGAGGACGAT,CDS,1712130,1713077,+,SL1344_1592,SL1344_1592,60,11,46,0,0,0,6.1,0.00046
NC_016810.1,166,1784717,1784752,-,TTTCTAATCGCGTGATGTTGTGACGAAAAAAGACCC,CDS,1784746,1785384,-,SL1344_1663,SL1344_1663,190,34,35,1,0,0,6.5,2.1E-06
NC_016810.1,165,1784652,1784689,-,ACACACGGATTTTACTTGTCGGAACTCACTTGTCTTCT,3UTR,1784646,1784745,-,SL1344_1663,SL1344_1663_3UTR,226,120,139,16,2,14,4,4.8E-06
NC_016810.1,166,1784717,1784752,-,TTTCTAATCGCGTGATGTTGTGACGAAAAAAGACCC,3UTR,1784646,1784745,-,SL1344_1663,SL1344_1663_3UTR,190,34,35,1,0,0,6.5,2.1E-06
NC_016810.1,167,1792459,1792487,-,GACCCGTTATAATCGCAAGGGCTGACAAT,5UTR,1792375,1792737,-,SL1344_1672,SL1344_1672_5UTR,34,39,54,0,0,2,5.6,0.00066
NC_016810.1,176,1888754,1888776,+,GCCGGCTACTCCGTAGGACTGCT,5UTR,1888744,1888843,+,SL1344_1762,SL1344_1762_5UTR,82,57,232,1,0,5,5.9,4.1E-07
NC_016810.1,177,1888779,1888808,+,GCCAGTAAGGCTGTTGTACACTACCGGGGC,5UTR,1888744,1888843,+,SL1344_1762,SL1344_1762_5UTR,608,480,355,14,13,5,5.4,1.1E-15
NC_016810.1,195,2029180,2029220,-,AAGGAAAGGCGCGTGCGGGACGAAGCCCGATGACAAAACGC,CDS,2029188,2029406,-,SL1344_1916,SL1344_1916,31,23,46,1,0,0,5.3,0.0016
NC_016810.1,195,2029180,2029220,-,AAGGAAAGGCGCGTGCGGGACGAAGCCCGATGACAAAACGC,3UTR,2029149,2029187,-,SL1344_1916,SL1344_1916_3UTR,31,23,46,1,0,0,5.3,0.0016
NC_016810.1,196,2070801,2070833,-,CGGTATTTCCACCCCTGTACGTCTCACCACCTA,CDS,2070185,2071393,-,SL1344_1965,SL1344_1965,599,230,174,47,23,51,2.9,6.1E-05
NC_016810.1,197,2070858,2070888,-,AAATTATGGTGGGGCGTGCAGGGCCAGTTTC,CDS,2070185,2071393,-,SL1344_1965,SL1344_1965,232,589,439,16,59,175,2.7,0.00035
NC_016810.1,199,2073543,2073573,+,TGAAGTCTTGTCGGCGTCCGGCTCTTCCAAC,CDS,2073535,2074125,+,SL1344_1968,SL1344_1968,123,92,64,6,5,5,4,1.9E-05
NC_016810.1,200,2073594,2073618,+,GTTCTGCCGTGACGCCGACCTTTTT,CDS,2073535,2074125,+,SL1344_1968,SL1344_1968,47,32,17,0,2,0,5.1,0.0023
NC_016810.1,201,2075005,2075032,+,GCGTAATTGCTCTGCATTAAATCCCCGG,CDS,2074183,2075010,+,SL1344_1969,SL1344_1969,32,41,64,0,0,0,6.5,0.0001
NC_016810.1,202,2131341,2131368,-,GAATAATGCGCTACGGCAGTGGGAGCGT,CDS,2131363,2131698,-,SL1344_2035,SL1344_2035,36,21,27,0,2,0,5,0.0045
NC_016810.1,202,2131341,2131368,-,GAATAATGCGCTACGGCAGTGGGAGCGT,3UTR,2131263,2131362,-,SL1344_2035,SL1344_2035_3UTR,36,21,27,0,2,0,5,0.0045
NC_016810.1,206,2228864,2228892,+,ATAAATGCTAGCTGTACCAGGAACCACCT,3UTR,2228762,2228938,+,SL1344_2112,SL1344_2112_3UTR,97,69,98,0,3,18,4.1,0.00079
NC_016810.1,209,2311968,2312006,+,CTTGGCTTACCTGATGAGACGACATAAAAAGCACTGCTT,3UTR,2311947,2312030,+,SL1344_2191,SL1344_2191_3UTR,85,0,91,1,0,0,5.3,0.00094
NC_016810.1,219,2402714,2402740,+,CTGACACCGAGTGGAACAGCGAGCGGA,CDS,2401669,2402826,+,SL1344_2266,SL1344_2266,130,9,30,1,2,2,4.3,0.0022
NC_016810.1,223,2456077,2456106,-,CCGCATACATAAACTGGAGGCGATGGATTT,3UTR,2456024,2456123,-,SL1344_2315,SL1344_2315_3UTR,411,51,176,0,2,0,7.6,6.1E-09
NC_016810.1,224,2459821,2459847,+,GTGAGCGATGCGCCGCCGGGCTTCTTT,3UTR,2459796,2459895,+,SL1344_2319,SL1344_2319_3UTR,7,37,57,0,0,0,5.7,0.0014
NC_016810.1,226,2486299,2486328,-,TTACGTTGTAGTATCAACAATGAAACAGGT,5UTR,2486241,2486340,-,SL1344_2346,SL1344_2346_5UTR,117,37,79,0,0,0,7.2,2.6E-06
NC_016810.1,239,2650723,2650750,-,GTGTTTTAAAAAACGGCTCCTGGTGTAG,3UTR,2650701,2650763,-,SL1344_2482,SL1344_2482_3UTR,56,9,25,0,2,0,4.8,0.0056
NC_016810.1,240,2657646,2657688,-,CAGAATTTGTACAATGCAGCGCCCCCGGACGAGCAGTAAGCTT,5UTR,2657580,2657720,-,SL1344_2487,SL1344_2487_5UTR,74,30,105,1,0,0,6.3,2E-05
NC_016810.1,241,2657689,2657713,-,GCGTGCAGACGTGGCATCCTTACGC,5UTR,2657580,2657720,-,SL1344_2487,SL1344_2487_5UTR,21,14,29,0,0,0,5.3,0.0075
NC_016810.1,245,2729620,2729664,+,GTAGATCACTTTGATTGAACTCAGTCCGGATTGTGTGATTTGATC,3UTR,2729589,2729688,+,SL1344_2547,SL1344_2547_3UTR,99,78,66,20,14,7,2.5,0.0046
NC_016810.1,247,2760498,2760521,-,GGAATTTCACCGCGACAGAGACAC,3UTR,2760471,2760588,-,SL1344_2579,SL1344_2579_3UTR,50,25,47,4,2,0,4.1,0.003
NC_016810.1,249,2786293,2786331,-,CGAAAGCCTGTAAGGCTTATCCGGTAATAACAAGCGGAA,CDS,2786319,2786702,-,SL1344_2610,SL1344_2610,22,101,98,0,6,32,3.2,0.0068
NC_016810.1,249,2786293,2786331,-,CGAAAGCCTGTAAGGCTTATCCGGTAATAACAAGCGGAA,3UTR,2786259,2786318,-,SL1344_2610,SL1344_2610_3UTR,22,101,98,0,6,32,3.2,0.0068
NC_016810.1,267,2972235,2972268,+,GCCGGATGGCGACATACTTTATGGGGCCTGCATC,3UTR,2972224,2972323,+,SL1344_2786,SL1344_2786_3UTR,36,92,54,0,0,7,5,0.00079
NC_016810.1,292,3138182,3138218,-,TAGCTGGAATGCTGCGAAACGAACCGGGAGCACTGTT,5UTR,3138119,3138218,-,SL1344_2946,SL1344_2946_5UTR,416,738,886,5,21,133,4.4,6.4E-08
NC_016810.1,304,3243687,3243727,+,ACCTCCCTCCTGCGTACTCACTGTTAATATGCTGGGCAAGC,3UTR,3243619,3243718,+,SL1344_3037,SL1344_3037_3UTR,158,115,176,1,2,11,5.2,2.2E-07
NC_016810.1,310,3261192,3261232,-,ATTCAAACCCTTCCTCGTCGGGCCTAACGACGCGGGAGGGT,3UTR,3261178,3261363,-,SL1344_3055,SL1344_3055_3UTR,93,37,66,2,0,0,5.8,3.9E-05
NC_016810.1,312,3321184,3321216,-,GCAGAAGATGGCTGTGTTTGTTTACCCGAATCA,3UTR,3321133,3321321,-,SL1344_3112,SL1344_3112_3UTR,68,39,54,6,0,0,4.7,0.00087
NC_016810.1,313,3360840,3360870,-,GCGCGGCTTATTCCGAACGTCTGCGGCGCGT,CDS,3360020,3360886,-,SL1344_3149,SL1344_3149,25,18,49,0,0,0,5.8,0.0013
NC_016810.1,314,3364541,3364575,+,AGTTATTACCCTCGTCTGACGTCGCCCTGATGCGA,3UTR,3364542,3364641,+,SL1344_3154,SL1344_3154_3UTR,16,32,32,0,0,2,4.9,0.0066
NC_016810.1,322,3412907,3412938,+,CAAGGTCTATGCATAAAAGCAACGGCTAATGC,5UTR,3412882,3412981,+,SL1344_3197,SL1344_3197_5UTR,5,46,66,0,2,0,5,0.0021
NC_016810.1,323,3415444,3415469,+,AGCTAAGTGATTATCGATGCCGGATG,CDS,3414205,3415449,+,SL1344_3198,SL1344_3198,65,23,25,3,0,0,4.7,0.0022
NC_016810.1,323,3415444,3415469,+,AGCTAAGTGATTATCGATGCCGGATG,3UTR,3415450,3415549,+,SL1344_3198,SL1344_3198_3UTR,65,23,25,3,0,0,4.7,0.0022
NC_016810.1,324,3416247,3416282,+,CTTTTCCATAAACACGGCCTGTCGGCACTATTGATA,CDS,3415899,3416561,+,SL1344_3199,SL1344_3199,83,69,57,0,0,0,7.2,4.6E-06
NC_016810.1,325,3420655,3420693,+,CCCGATCCGAAACGTTTTTCCTGATGGCGGCGCGGCGCC,CDS,3420313,3420678,+,SL1344_3206,SL1344_3206,21,67,98,0,2,0,6,0.0001
NC_016810.1,325,3420655,3420693,+,CCCGATCCGAAACGTTTTTCCTGATGGCGGCGCGGCGCC,3UTR,3420679,3420778,+,SL1344_3206,SL1344_3206_3UTR,21,67,98,0,2,0,6,0.0001
NC_016810.1,326,3421009,3421029,-,TAAATACCGCGGCGTAGCGGT,CDS,3420717,3421613,-,SL1344_3207,SL1344_3207,13,46,34,2,2,0,4,0.0099
NC_016810.1,334,3536687,3536712,+,GTTAAGAAATTTATCGGGCGCATCGC,3UTR,3536678,3536777,+,SL1344_3319,SL1344_3319_3UTR,67,5,37,0,0,0,5.7,0.0012
NC_016810.1,350,3657623,3657651,+,AGAAACGACTGCGCAGATACAAAAAAACC,3UTR,3657622,3657680,+,SL1344_3447,SL1344_3447_3UTR,306,11,115,9,0,0,5.4,2.3E-06
NC_016810.1,364,3806555,3806577,-,ACAAATGGGACGTTATGGACGCC,CDS,3805739,3807799,-,SL1344_3575,SL1344_3575,59,5,14,0,0,0,5.1,0.0083
NC_016810.1,368,3923944,3923980,-,CGATAATTTTATCGGGTCTGATATACGTTTCATCGTA,3UTR,3923948,3923987,-,SL1344_3673A,SL1344_3673A_3UTR,64,16,63,1,2,5,4.1,0.0015
NC_016810.1,395,4288596,4288633,+,AATTTGCATTGCACGTCTGTAGAAGCGAGTCTGATGAC,5UTR,4288567,4288666,+,SL1344_4005,SL1344_4005_5UTR,1001,131,169,62,14,7,3.8,3.6E-08
NC_016810.1,408,4408303,4408345,+,AGTTAAGTAAGACGCATAACTGTGAACAGTTTTATCGAAGGGG,CDS,4408324,4409016,+,SL1344_4110,SL1344_4110,2406,303,1185,12,11,9,6.4,1.6E-16
NC_016810.1,409,4483026,4483060,+,GCTTCCCCCTGTTTGCTTATGAATGCGGGCGTGCC,3UTR,4482994,4483093,+,SL1344_4176,SL1344_4176_3UTR,30,352,336,0,3,9,5.8,6.1E-09
NC_016810.1,429,4664194,4664226,+,TAAAAAAGTAAAAAAAAACGGCTCCTGAATCAG,3UTR,4664172,4664245,+,SL1344_4339,SL1344_4339_3UTR,114,23,66,6,3,0,4.1,0.00087
NC_016810.1,430,4672449,4672475,+,TGATTGAAAGCGGTGACTGGTTAGACA,CDS,4672145,4672489,+,SL1344_4344,SL1344_4344,143,5,15,1,2,0,4.5,0.0028
NC_016810.1,432,4704232,4704267,+,AAGAAGTATCGTTAATTTTTGTGGGATGGCGGCTTC,CDS,4704250,4704395,+,SL1344_4369A,SL1344_4369A,86,11,22,1,0,2,4.6,0.0029
NC_016810.1,435,4745117,4745142,+,TAATCACAGTAATCGTAGGCCTGATG,CDS,4744037,4745119,+,SL1344_4410,SL1344_4410,71,11,7,0,0,0,5.2,0.0044
NC_016810.1,435,4745117,4745142,+,TAATCACAGTAATCGTAGGCCTGATG,3UTR,4745120,4745219,+,SL1344_4410,SL1344_4410_3UTR,71,11,7,0,0,0,5.2,0.0044
NC_017718.1,2,15214,15246,+,AAAACAGGGCTATTAATCCGGGATGCAGCAATC,plasmid,14855,15229,+,SL1344_P2_0020,SL1344_P2_0020,53,11,25,0,2,0,4.9,0.005
NC_017718.1,14,42952,42995,+,TGATTGCTGTTCTGGAACTGATCCGGGAACTTATCGACTGATAA,plasmid,42696,42992,+,SL1344_P2_0054A,SL1344_P2_0054A,124,97,134,1,14,16,3.7,0.00035
NC_016810.1,115,1290403,1290431,+,CGCGAACCATATTGACTGTGGTATGGTTC,sRNA,1290168,1290467,+,ncRNA0379,SLnc0014,18,28,44,0,0,0,5.8,0.0015
NC_016810.1,224,2459821,2459847,+,GTGAGCGATGCGCCGCCGGGCTTCTTT,sRNA,2459769,2459846,+,ncRNA0394,SLnc1015,7,37,57,0,0,0,5.7,0.0014
NC_016810.1,149,1477119,1477146,+,AAACTTATCGCCAAACTTGAACACAATA,CDS,1476732,1477172,+,SL1344_1376,slyA,52,16,47,0,0,0,6.1,0.0004
NC_016810.1,394,4288462,4288495,+,CCCGATCCTGGGCCTGGACGTGTGGGAACACGCT,CDS,4287977,4288597,+,SL1344_4004,sodA,54,30,41,4,2,2,3.7,0.0028
NC_016810.1,395,4288596,4288633,+,AATTTGCATTGCACGTCTGTAGAAGCGAGTCTGATGAC,CDS,4287977,4288597,+,SL1344_4004,sodA,1001,131,169,62,14,7,3.8,3.6E-08
NC_016810.1,395,4288596,4288633,+,AATTTGCATTGCACGTCTGTAGAAGCGAGTCTGATGAC,3UTR,4288598,4288652,+,SL1344_4004,sodA_3UTR,1001,131,169,62,14,7,3.8,3.6E-08
NC_016810.1,144,1466246,1466274,-,CGCCGCATAAGTCTGAGTACGCAGAAGGT,CDS,1466265,1466846,-,SL1344_1363,sodB,20,57,41,0,2,0,5.5,0.00081
NC_016810.1,145,1466725,1466761,-,GCAAACATCATCAGACTTACGTGACCAATCTTAACAA,CDS,1466265,1466846,-,SL1344_1363,sodB,41,11,47,0,0,2,5,0.0027
NC_016810.1,144,1466246,1466274,-,CGCCGCATAAGTCTGAGTACGCAGAAGGT,3UTR,1466165,1466264,-,SL1344_1363,sodB_3UTR,20,57,41,0,2,0,5.5,0.00081
NC_016810.1,148,1473511,1473539,+,GCGGCGGGTTGATGATGATGTGCGAGCGT,3UTR,1473424,1473523,+,SL1344_1372,sodC_3UTR,36,83,42,3,5,0,4.1,0.001
NC_016810.1,290,3110133,3110166,+,CAATTTAAAATCCGGCTGCCTGCCGGATTTTTCA,3UTR,3110114,3110173,+,SL1344_2924,sopD_3UTR,36,23,30,1,0,0,5.2,0.0024
NC_016810.1,180,1909472,1909509,-,TTTATGGCGACGCTTTTAACAAAACGTCGTCATCTTTA,3UTR,1909464,1909579,-,SL1344_1784,sopE2_3UTR,30,39,25,0,0,0,5.9,0.00094
NC_016810.1,310,3261192,3261232,-,ATTCAAACCCTTCCTCGTCGGGCCTAACGACGCGGGAGGGT,5UTR,3261160,3261240,-,SL1344_3054,speB_5UTR,93,37,66,2,0,0,5.8,3.9E-05
NC_016810.1,322,3412907,3412938,+,CAAGGTCTATGCATAAAAGCAACGGCTAATGC,sRNA,3412774,3412960,+,ncRNA0081,SraF,5,46,66,0,2,0,5,0.0021
NC_016810.1,59,728184,728217,-,CGCCGGGCAACAATCTTCGAGGGTAGCGCTGCTA,sRNA,728173,728327,-,ncRNA0085,SroC,60,90,117,0,0,5,6,9.6E-06
NC_016810.1,60,728265,728298,-,CTCCTGTCCTCTCGATTGTCGCTCAGCACGGACA,sRNA,728173,728327,-,ncRNA0085,SroC,217,67,105,0,8,9,4.3,0.00033
NC_017718.1,3,23253,23279,+,AGTGCACGTGGTATCAACAAGGTCATC,plasmid,23250,23777,+,SL1344_P2_0035,ssb,17,23,35,0,0,0,5.5,0.0034
NC_016810.1,410,4498134,4498177,+,ATTTGCATTTTCGCTATAGTTCTCGTCTGCTGAAATGCCTGGTG,3UTR,4498109,4498202,+,SL1344_4192,ssb_3UTR,189,126,155,5,2,2,5.5,1.1E-08
NC_016810.1,302,3242817,3242855,+,AATTTCTCTGAGATGTTTGCAAGCGGGCCAGTCCCCTGA,sRNA,3242819,3243000,+,ncRNA0089,SsrS,853,1464,607,10,146,351,3.1,0.0022
NC_016810.1,303,3242865,3242899,+,TCATACCACAAGAATGTGGCGCTCCGCGGTTGGTG,sRNA,3242819,3243000,+,ncRNA0089,SsrS,890,345,568,9,37,170,3.5,0.00033
NC_016810.1,95,1062759,1062792,-,TTTTTGCACCAGAAAGCCGTTGGTGACCCCTCAC,sRNA,1062745,1062806,-,ncRNA0220,STnc1080,93,189,112,1,6,0,5.7,1.9E-07
NC_016810.1,420,4601133,4601175,+,CGCGCGGCGTGGGCGAGGACATCTCGGACGGTGGTAGTGCGAT,sRNA,4601021,4601437,+,ncRNA0228,STnc1190,595,269,563,10,16,16,5,1.9E-12
NC_016810.1,421,4601177,4601222,+,TCTGGCGCTGCAACCAGAGCTCAGCAGTAATCATCAACGGTACGGC,sRNA,4601021,4601437,+,ncRNA0228,STnc1190,930,460,1007,19,10,2,6.1,2.9E-15
NC_016810.1,422,4601415,4601441,+,GAGAGCAATGGCGTGGCGCTTTCCGGC,sRNA,4601021,4601437,+,ncRNA0228,STnc1190,39,32,47,0,0,2,5.5,0.00085
NC_016810.1,120,1292944,1292971,+,ATTATCCCGTGCCACTGACCTCGTCGCC,sRNA,1292947,1293012,+,ncRNA0230,STnc1210,26,32,15,0,0,2,4.8,0.0099
NC_016810.1,196,2070801,2070833,-,CGGTATTTCCACCCCTGTACGTCTCACCACCTA,sRNA,2070802,2070885,-,ncRNA0235,STnc1290,599,230,174,47,23,51,2.9,6.1E-05
NC_016810.1,197,2070858,2070888,-,AAATTATGGTGGGGCGTGCAGGGCCAGTTTC,sRNA,2070802,2070885,-,ncRNA0235,STnc1290,232,589,439,16,59,175,2.7,0.00035
NC_016810.1,248,2767718,2767749,+,TTAATTCCACCAGAAAGCCGTTGGTGTTCGAG,sRNA,2767704,2767767,+,ncRNA0240,STnc1390,22,51,57,0,2,7,4.2,0.0024
NC_016810.1,272,3038133,3038158,-,TTACCGTTGCTGAGCCTGATTTTACC,sRNA,3038069,3038192,-,ncRNA0242,STnc1405,242,7,52,0,0,5,5.2,0.00038
NC_016810.1,273,3038162,3038191,-,ATAAAATTGATAGCGGAAAATTGGGCTATA,sRNA,3038069,3038192,-,ncRNA0242,STnc1405,71,18,52,0,0,2,5.6,0.0004
NC_016810.1,406,4404004,4404035,-,GGGGCGGTTATCTTGTCGGAGTGCTAATTTTC,sRNA,4403810,4404049,-,ncRNA0244,STnc1460,74,23,51,1,6,2,3.7,0.0047
NC_016810.1,222,2449080,2449111,+,AGTAAAAGCTAATGCCGGATGGCGGCGTGAAC,sRNA,2449088,2449184,+,ncRNA0252,STnc1560,27,23,22,0,0,2,4.7,0.0097
NC_016810.1,128,1345901,1345934,+,CGCATAATTTAAGACCGCCGGTCTTGTCGACAAC,sRNA,1345903,1345970,+,ncRNA0257,STnc1640,123,69,85,2,5,9,4.1,6.5E-05
NC_016810.1,129,1345935,1345971,+,ACAATCGTTGAGGTGGACAGGATCGGCGGTTTTCTTT,sRNA,1345903,1345970,+,ncRNA0257,STnc1640,624,92,210,8,2,9,5.4,3.5E-10
NC_016810.1,203,2133051,2133083,+,AGCAAAAATAGCGCACTGGCGGACGGAACACAT,sRNA,2133038,2133100,+,ncRNA0258,STnc1650,152,2,103,0,0,0,6.6,3.1E-05
NC_016810.1,183,1931465,1931496,+,CGGCAAACACAGCGGCGTAGCATGGTAGTCCC,sRNA,1931467,1931545,+,ncRNA0264,STnc1690,1816,1379,1034,21,31,14,5.9,3.6E-24
NC_016810.1,246,2759436,2759462,-,CAGAGACAACTGCATGACCCATGACCA,sRNA,2759412,2759518,-,ncRNA0280,STnc2080,209,108,166,0,0,0,8.3,8.1E-09
NC_016810.1,256,2808410,2808448,+,AGAAGAGTAGTCCCTTACATTGAGTGTATCGCCAACGCG,sRNA,2808307,2808466,+,ncRNA0281,STnc2090,36,51,139,0,6,9,3.9,0.00073
NC_016810.1,332,3533746,3533773,+,GATTCGGACTTTAGCCATAAAAAAACCC,sRNA,3533708,3533790,+,ncRNA0293,STnc3060,71,30,39,0,0,0,6.5,0.0001
NC_016810.1,121,1294967,1294993,-,TAAGAGGACAATAACAACAGTAAGCCG,sRNA,1294946,1295057,-,ncRNA0320,STnc3430,106,0,46,0,0,0,5.6,0.002
NC_016810.1,368,3923944,3923980,-,CGATAATTTTATCGGGTCTGATATACGTTTCATCGTA,sRNA,3923913,3923975,-,ncRNA0160,STnc390,64,16,63,1,2,5,4.1,0.0015
NC_016810.1,261,2831992,2832035,+,TGCGCGAGAGTGTGGCGGAGTAACACAATGGCGAACTCCGGTTC,sRNA,2831959,2832046,+,ncRNA0372,STnc4230,99,106,125,0,2,0,7,8.4E-07
NC_016810.1,372,4069376,4069409,+,AAAATCCTGATTCGGTGTAGGCCGGATAAGGCGA,sRNA,4069296,4069505,+,ncRNA0374,STnc4250,32,21,20,0,0,2,4.7,0.0096
NC_016810.1,10,142933,142963,+,CTCAAAAACAACGGTGGTCCGACATAGAGAG,sRNA,142801,142976,+,ncRNA0168,STnc475,50,101,108,0,6,2,5,2.1E-05
NC_016810.1,116,1290589,1290613,-,GCATACGCTCTGGCGCGGTTAAATC,sRNA,1290590,1290674,-,ncRNA0179,STnc520,25,78,71,0,0,7,5,0.00058
NC_016810.1,117,1290622,1290660,-,CATATTCGCACTATTGAACGATCACCGGCCAACCGCGCC,sRNA,1290590,1290674,-,ncRNA0179,STnc520,71,106,108,0,0,2,6.7,6.4E-06
NC_016810.1,133,1376315,1376344,+,CTGAAAGATGACCCGTATAACTAAAAAGGC,sRNA,1376238,1376364,+,ncRNA0181,STnc540,232,76,139,0,0,0,8.1,1.2E-08
NC_016810.1,277,3041598,3041637,+,ATGACACTATCTCCTTCCGGCTTTAACCCTGTGGATTAAG,sRNA,3041345,3041651,+,ncRNA0183,STnc600,15,41,63,0,6,2,3.8,0.0064
NC_016810.1,410,4498134,4498177,+,ATTTGCATTTTCGCTATAGTTCTCGTCTGCTGAAATGCCTGGTG,sRNA,4498083,4498195,+,ncRNA0185,STnc620,189,126,155,5,2,2,5.5,1.1E-08
NC_016810.1,103,1170545,1170573,+,CCATACCCATGACGTCATATGTGGTGCGC,sRNA,1170291,1170591,+,ncRNA0189,STnc670,111,136,90,1,0,5,5.8,2.1E-06
NC_016810.1,310,3261192,3261232,-,ATTCAAACCCTTCCTCGTCGGGCCTAACGACGCGGGAGGGT,sRNA,3261186,3261273,-,ncRNA0196,STnc750,93,37,66,2,0,0,5.8,3.9E-05
NC_016810.1,73,817253,817293,+,ACATCACCTGTTGAGTCTGTCGTTACTGGTTGGCATAGCGG,sRNA,817257,817293,+,ncRNA0203,STnc835,207,34,206,4,3,2,5,1.1E-06
NC_016810.1,107,1224247,1224287,+,TTTTGAAACATATCACGAAACTGGATATGTTTTGTCTGCCC,sRNA,1224246,1224318,+,ncRNA0204,STnc840,66,78,88,0,0,0,7.3,2.1E-06
NC_016810.1,396,4292542,4292576,+,TTTTCCTTGCCATAGACACCATCCCTGTCTTCCCC,sRNA,4292542,4292599,+,ncRNA0206,STnc870,28,39,32,0,2,0,5.3,0.0018
NC_016810.1,279,3044648,3044667,-,CTTATGACGACGGCAAGCTG,CDS,3044647,3046278,-,SL1344_2858,stpA,74,32,101,0,5,0,5.2,0.00049
NC_016810.1,266,2969724,2969748,-,GACTCAGGGAACGTTGCGCCATGCT,3UTR,2969701,2969800,-,SL1344_2783,stpA_3UTR,28,5,39,0,0,0,5.2,0.0075
NC_016810.1,278,3044601,3044639,-,ATAGCTTACTTTTAGAACTATCTGAAAGTAAGCTATTTC,3UTR,3044592,3044646,-,SL1344_2858,stpA_3UTR,217,71,199,0,3,2,6.1,3.2E-07
NC_016810.1,2,8607,8639,+,GATCTGCTGTAATCATTAACGCGTGGCCCTGAT,CDS,7665,8618,+,SL1344_0007,talB,80,14,64,0,0,2,5.6,0.00026
NC_016810.1,1,239,284,+,GTAACGGTGCGGGCTGACGCGTACAGGAAACACAGAAAAAAGCCCG,CDS,169,255,+,SL1344_0001,thrL,56,7,98,0,5,2,4,0.0095
NC_016810.1,294,3179453,3179482,-,CTAAGCGCTGACGATCCTGCCATAACCGAC,CDS,3179479,3180273,-,SL1344_2979,thyA,135,39,86,0,0,0,7.3,1.1E-06
NC_016810.1,294,3179453,3179482,-,CTAAGCGCTGACGATCCTGCCATAACCGAC,3UTR,3179423,3179478,-,SL1344_2979,thyA_3UTR,135,39,86,0,0,0,7.3,1.1E-06
NC_016810.1,40,502463,502503,+,AAGCACGAAATTTGCACAAAAACCCGTCACCTTTCAGTGAC,3UTR,502450,502521,+,SL1344_0441,tig_3UTR,43,44,112,2,2,2,4.6,8.5E-05
NC_016810.1,309,3257103,3257134,-,CAAAGCGAAAGCACTGCTGTAATCCTTAATAC,CDS,3257113,3259059,-,SL1344_3052,tktA,43,25,61,0,0,5,5,0.0012
NC_016810.1,309,3257103,3257134,-,CAAAGCGAAAGCACTGCTGTAATCCTTAATAC,3UTR,3257058,3257112,-,SL1344_3052,tktA_3UTR,43,25,61,0,0,5,5,0.0012
NC_016810.1,235,2583253,2583299,+,AGACCTGTTCTGTAGGCTGTGCAAAATTACTTCGTAGACTCAGGCGC,3UTR,2583217,2583316,+,SL1344_2437,tktB_3UTR,159,44,27,4,2,0,4.9,4.8E-05
NC_016810.1,315,3370743,3370775,+,TTGATAAGTTATTCGCTGGCGCTGCGCTTATCA,CDS,3369271,3370746,+,SL1344_3160,tolC,59,51,64,0,0,0,6.9,1.8E-05
NC_016810.1,315,3370743,3370775,+,TTGATAAGTTATTCGCTGGCGCTGCGCTTATCA,3UTR,3370747,3370846,+,SL1344_3160,tolC_3UTR,59,51,64,0,0,0,6.9,1.8E-05
NC_016810.1,164,1766612,1766649,-,AATAACCCCTGCCTGTCGTCACTATAGTCAAGCGGGCC,CDS,1766645,1769242,-,SL1344_1646,topA,14,34,93,0,0,0,6.2,0.00019
NC_016810.1,164,1766612,1766649,-,AATAACCCCTGCCTGTCGTCACTATAGTCAAGCGGGCC,3UTR,1766584,1766644,-,SL1344_1646,topA_3UTR,14,34,93,0,0,0,6.2,0.00019
NC_016810.1,3,13514,13548,+,CCTTTGAACGGGTAATTACTGGCACGGGCGAAGAG,sRNA,13514,13576,+,ncRNA0097,tpke11,124,18,106,0,0,9,5.1,0.00023
NC_016810.1,160,1732970,1733015,+,GTCAGTGCTACAGGCGGTGCTCTTTTGTCACAAGAAGGCCTCTATC,3UTR,1732945,1733041,+,SL1344_1612,tpx_3UTR,70,67,95,1,2,0,5.8,1.1E-05
NC_016810.1,157,1672713,1672740,-,TTCCTTTAGTAAGCGTCGCGCCAGCGGG,CDS,1672732,1674357,-,SL1344_1556,trg,24,69,29,0,3,0,5,0.0012
NC_016810.1,157,1672713,1672740,-,TTCCTTTAGTAAGCGTCGCGCCAGCGGG,3UTR,1672632,1672731,-,SL1344_1556,trg_3UTR,24,69,29,0,3,0,5,0.0012
NC_016810.1,351,3657658,3657686,-,GTTTATCAGACCTGTAAAAAAACCGGGAA,3UTR,3657634,3657765,-,SL1344_3448,trpS_3UTR,75,9,30,0,0,0,5.9,0.00065
NC_016810.1,382,4146716,4146750,+,TTTATACGTCGAATGACAAAGGCGCTGTATGGTCA,3UTR,4146711,4146810,+,SL1344_3875,trxA_3UTR,184,14,30,0,0,0,6.6,1.4E-05
NC_016810.1,250,2789472,2789498,+,AACGAAGCGCTGTAAACGCCACGGGGC,CDS,2789067,2789486,+,SL1344_2613,trxC,150,39,46,0,0,5,5.5,0.00025
NC_016810.1,18,256020,256050,+,CACAACGCTGACGTGACTGGCTTCATCCGCT,CDS,255276,256127,+,SL1344_0218,tsf,27,9,42,0,0,0,5.5,0.0037
NC_016810.1,19,256051,256096,+,TTGAAGTGGGCGAAGGCATTGAGAAAGTCGAGACTGACTTTGCAGC,CDS,255276,256127,+,SL1344_0218,tsf,391,32,262,0,3,0,6.8,2.5E-06
NC_016810.1,20,256106,256140,+,TGCGATGTCTAAGCAGTCCTGATTTTCCTGAGGAG,CDS,255276,256127,+,SL1344_0218,tsf,36,28,127,0,2,2,5.2,0.00015
NC_016810.1,20,256106,256140,+,TGCGATGTCTAAGCAGTCCTGATTTTCCTGAGGAG,3UTR,256128,256170,+,SL1344_0218,tsf_3UTR,36,28,127,0,2,2,5.2,0.00015
NC_016810.1,17,255162,255202,+,TTATAGACCAGGTAGTATCACGTTTGGTTAGGGGGCCTGTA,5UTR,255176,255275,+,SL1344_0218,tsf_5UTR,55,18,167,1,2,0,5.4,4.4E-05
NC_016810.1,347,3619768,3619814,-,CGCGGGCGTTGTTGCTAAAGTTCTGGGCTAATTACTCGTTAATTAGT,CDS,3619784,3620968,-,SL1344_3412,tuf,275,71,279,2,3,2,5.9,6.7E-09
NC_016810.1,346,3619743,3619767,-,TTTGAATTGAAGAGGGCGCTTCGGC,3UTR,3619725,3619783,-,SL1344_3412,tuf_3UTR,87,18,196,0,5,2,4.9,0.00032
NC_016810.1,347,3619768,3619814,-,CGCGGGCGTTGTTGCTAAAGTTCTGGGCTAATTACTCGTTAATTAGT,3UTR,3619725,3619783,-,SL1344_3412,tuf_3UTR,275,71,279,2,3,2,5.9,6.7E-09
NC_016810.1,348,3620997,3621031,-,GTTAAAAACCAAAATCCCGTGCTCTCTCCTGAAGG,5UTR,3620969,3621364,-,SL1344_3412,tuf_5UTR,66,57,66,0,5,9,3.9,0.0016
NC_016810.1,402,4383089,4383127,+,GCGGGCGTTGTTGCTAAAGTTCTCGGCTAATCGCTGATA,CDS,4381934,4383118,+,SL1344_4085,tuf2,123,11,88,0,0,0,6.8,1.2E-05
NC_016810.1,402,4383089,4383127,+,GCGGGCGTTGTTGCTAAAGTTCTCGGCTAATCGCTGATA,3UTR,4383119,4383184,+,SL1344_4085,tuf2_3UTR,123,11,88,0,0,0,6.8,1.2E-05
NC_016810.1,403,4383132,4383168,+,TTGACGCAATGCGCAATAAAAGGGCATCATTTGATGC,3UTR,4383119,4383184,+,SL1344_4085,tuf2_3UTR,27,5,68,0,0,2,4.8,0.0045
NC_016810.1,392,4240648,4240681,+,AACGCTCTTACGGATAAAAACCCTGCCGAAATGA,3UTR,4240646,4240709,+,SL1344_3955,typA_3UTR,99,44,69,0,2,0,6.3,2.1E-05
NC_016810.1,233,2554293,2554320,-,GTCTGATTGATGCCGGTCTCCTCCTCAC,CDS,2554315,2555106,-,SL1344_2408,ucpA,77,55,81,1,3,0,5.3,4.8E-05
NC_016810.1,233,2554293,2554320,-,GTCTGATTGATGCCGGTCTCCTCCTCAC,3UTR,2554215,2554314,-,SL1344_2408,ucpA_3UTR,77,55,81,1,3,0,5.3,4.8E-05
NC_016810.1,385,4197146,4197190,+,GGAAGCGGCCCGTCGTCTGCTGTAATTCTCCTCTCTTTTGCAAAG,CDS,4196409,4197170,+,SL1344_3922,udp,91,71,112,2,2,2,5.2,2.1E-06
NC_016810.1,385,4197146,4197190,+,GGAAGCGGCCCGTCGTCTGCTGTAATTCTCCTCTCTTTTGCAAAG,3UTR,4197171,4197220,+,SL1344_3922,udp_3UTR,91,71,112,2,2,2,5.2,2.1E-06
NC_016810.1,386,4197192,4197214,+,CCGACGCGTTCGGCCTTTTCTTT,3UTR,4197171,4197220,+,SL1344_3922,udp_3UTR,44,14,22,0,0,0,5.6,0.0029
NC_016810.1,362,3782639,3782664,+,ACCGCGTCTGGTCTATAGTCAATCAG,3UTR,3782612,3782739,+,SL1344_3556,uspA_3UTR,32,9,46,0,0,0,5.6,0.0023
NC_016810.1,363,3782682,3782710,+,GGCAAATTCCGGCTATCAACAACAACGCC,3UTR,3782612,3782739,+,SL1344_3556,uspA_3UTR,1219,1085,1300,9,21,11,6.4,2.6E-23
NC_016810.1,434,4737475,4737505,-,GCCATCCGACAACATGAATTATGGGCCGACG,3UTR,4737449,4737595,-,SL1344_4405,valS_3UTR,53,11,47,0,0,5,4.6,0.0041
NC_016810.1,369,3930840,3930867,-,CTGATGATGGAAAACGCGCTGATACCGT,3UTR,3930809,3930874,-,SL1344_3680,waaK_3UTR,30,16,15,0,0,0,5.2,0.0089
NC_016810.1,59,728184,728217,-,CGCCGGGCAACAATCTTCGAGGGTAGCGCTGCTA,3UTR,728166,728319,-,SL1344_0654,ybeJ_3UTR,60,90,117,0,0,5,6,9.6E-06
NC_016810.1,60,728265,728298,-,CTCCTGTCCTCTCGATTGTCGCTCAGCACGGACA,3UTR,728166,728319,-,SL1344_0654,ybeJ_3UTR,217,67,105,0,8,9,4.3,0.00033
NC_016810.1,67,774074,774103,+,ATTAATCGCGACCAGCCTGAAAAACCGTCA,CDS,773872,774078,+,SL1344_0689,ybfA,52,57,63,0,2,0,6.1,8E-05
NC_016810.1,67,774074,774103,+,ATTAATCGCGACCAGCCTGAAAAACCGTCA,3UTR,774079,774134,+,SL1344_0689,ybfA_3UTR,52,57,63,0,2,0,6.1,8E-05
NC_016810.1,72,817220,817248,+,TTACTAAGAGAATTGCATGAGCAGTAACT,CDS,817236,818024,+,SL1344_0732,ybgF,16,18,88,0,0,2,5.2,0.0012
NC_016810.1,73,817253,817293,+,ACATCACCTGTTGAGTCTGTCGTTACTGGTTGGCATAGCGG,CDS,817236,818024,+,SL1344_0732,ybgF,207,34,206,4,3,2,5,1.1E-06
NC_016810.1,78,903136,903166,-,CTGAACTGACAGACTCTGCCTGCGAAGCCCG,CDS,903158,904078,-,SL1344_0812,ybiS,236,41,81,0,0,14,5.1,0.00037
NC_016810.1,78,903136,903166,-,CTGAACTGACAGACTCTGCCTGCGAAGCCCG,3UTR,903106,903157,-,SL1344_0812,ybiS_3UTR,236,41,81,0,0,14,5.1,0.00037
NC_017718.1,6,31313,31347,+,CAGGCTACCGGACTTTCCGATGACGAACTGAAGAA,plasmid,30311,31360,+,SL1344_P2_0044,ydgA,258,32,142,0,0,0,7.8,2.8E-08
NC_017718.1,7,31351,31381,+,CACTCACTGATGAGAACCACAAAGCCCGGCA,plasmid,30311,31360,+,SL1344_P2_0044,ydgA,822,299,382,9,3,0,6.8,3.5E-14
NC_017718.1,8,33305,33330,+,CACGAGTCTGATTAAACAGAAAAGCC,plasmid,32467,33315,+,SL1344_P2_0047,ydiA,18,16,30,0,0,0,5.3,0.0071
NC_016810.1,211,2328534,2328573,+,CTCGTGCCGACCAAAATTCCTCGAAGAACCAGCCTGTTAC,3UTR,2328397,2328594,+,SL1344_2205,yejM_3UTR,243,117,281,16,14,9,3.8,6.7E-07
NC_016810.1,256,2808410,2808448,+,AGAAGAGTAGTCCCTTACATTGAGTGTATCGCCAACGCG,CDS,2808081,2808419,+,SL1344_2624,yfiA,36,51,139,0,6,9,3.9,0.00073
NC_016810.1,256,2808410,2808448,+,AGAAGAGTAGTCCCTTACATTGAGTGTATCGCCAACGCG,3UTR,2808420,2808475,+,SL1344_2624,yfiA_3UTR,36,51,139,0,6,9,3.9,0.00073
NC_016810.1,365,3841708,3841733,-,AATTCAGAAACCCTGCTCAATGAGCA,3UTR,3841690,3841900,-,SL1344_3600,yhjW_3UTR,37,5,41,0,0,0,5.4,0.0043
NC_016810.1,372,4069376,4069409,+,AAAATCCTGATTCGGTGTAGGCCGGATAAGGCGA,CDS,4067739,4069385,+,SL1344_3809,yidC,32,21,20,0,0,2,4.7,0.0096
NC_016810.1,372,4069376,4069409,+,AAAATCCTGATTCGGTGTAGGCCGGATAAGGCGA,3UTR,4069386,4069510,+,SL1344_3809,yidC_3UTR,32,21,20,0,0,2,4.7,0.0096
NC_016810.1,385,4197146,4197190,+,GGAAGCGGCCCGTCGTCTGCTGTAATTCTCCTCTCTTTTGCAAAG,5UTR,4197021,4197309,+,SL1344_3923,yigN_5UTR,91,71,112,2,2,2,5.2,2.1E-06
NC_016810.1,386,4197192,4197214,+,CCGACGCGTTCGGCCTTTTCTTT,5UTR,4197021,4197309,+,SL1344_3923,yigN_5UTR,44,14,22,0,0,0,5.6,0.0029
NC_016810.1,419,4597933,4597964,+,TGATATGTCTGAATCGTAACGCCCTCTGAAAG,CDS,4597564,4597935,+,SL1344_4268,yjeI,97,7,64,2,0,5,4.3,0.00085
NC_016810.1,419,4597933,4597964,+,TGATATGTCTGAATCGTAACGCCCTCTGAAAG,3UTR,4597936,4598035,+,SL1344_4268,yjeI_3UTR,97,7,64,2,0,5,4.3,0.00085
NC_016810.1,424,4614215,4614239,-,TTTTCTGATACGGACGACTGACAGA,CDS,4614219,4615295,-,SL1344_4286,yjeQ,154,14,22,11,2,0,3.7,0.0028
NC_016810.1,24,294888,294922,+,TTCCGCCACTTATTAAGAGCCCTGAGCATTAGCTC,tRNA,294819,294892,+,,,53,48,93,0,2,11,4.3,0.00081
NC_016810.1,211,2328534,2328573,+,CTCGTGCCGACCAAAATTCCTCGAAGAACCAGCCTGTTAC,tRNA,2328470,2328543,+,,,243,117,281,16,14,9,3.8,6.7E-07
NC_016810.1,293,3162613,3162645,+,GAATGCAAGTTTAGACGGACGCGGGGTGGAGCA,tRNA,3162632,3162705,+,,,50,9,22,2,0,0,4.5,0.0086
NC_016810.1,22,266445,266471,+,CCATTCTTTTCCGGCCTGTCACATTCA,intergenic,,,,,,39,21,25,1,0,0,5.1,0.003
NC_016810.1,23,285464,285498,-,CACAATCTGTAATATTATTCAGGACGGGCTATTGC,intergenic,,,,,,78,80,66,0,0,0,7.3,2.6E-06
NC_016810.1,29,370546,370585,+,CTATCGAATAAAACGCTAACGGACGTTTCCATCTAAGGAT,intergenic,,,,,,43,64,47,0,11,0,4.3,0.0046
NC_016810.1,55,670582,670629,+,TCTCAGGCTAGCCGCCTTACTCTGACGTGAAATACTTTGGAAATTGTT,intergenic,,,,,,402,46,458,2,8,7,5.2,6.3E-07
NC_016810.1,70,805186,805217,+,AAGAGCATCACCTGCTACCTGTAGGCCGGATA,intergenic,,,,,,97,21,39,0,0,2,5.6,0.00033
NC_016810.1,123,1317237,1317257,+,AATCAGCCCGTGACTCATTAC,intergenic,,,,,,26,30,25,0,0,0,5.7,0.0021
NC_016810.1,142,1466169,1466210,+,CCGCTCTGCACTGATTTCCTCTCTTCTGAGGGTGGGCGTCTC,intergenic,,,,,,34,44,52,0,6,0,4.5,0.0028
NC_016810.1,143,1466239,1466259,+,AAGGCGTACCTTCTGCGTACT,intergenic,,,,,,51,113,37,0,10,0,4.8,0.00035
NC_016810.1,152,1550914,1550941,-,CACAAATGGGATGATTAATGAACGGAGA,intergenic,,,,,,30,9,22,0,0,0,5.2,0.0099
NC_016810.1,158,1703430,1703457,+,CGCATAAGAGAGTGCGGGCTCAAATCAA,intergenic,,,,,,179,14,86,0,0,2,6.2,1.3E-05
NC_016810.1,181,1919559,1919590,-,TTTAAACTATCGTAATGGAACAAAGAGTTACT,intergenic,,,,,,59,32,51,0,2,0,5.7,0.00031
NC_016810.1,207,2268366,2268396,+,TTAAGATGATTTTCTGATTCCTGCGCCGGGC,intergenic,,,,,,52,11,19,0,0,0,5.5,0.003
NC_016810.1,221,2416461,2416489,-,CCCCACTGAACAGAATTGCAACCCTCCCT,intergenic,,,,,,57,30,85,0,0,2,5.9,0.0001
NC_016810.1,236,2594521,2594556,-,CCCATAGGGGATAAGAAAAGGCGACTCAACGAAAGT,intergenic,,,,,,110,69,196,0,0,5,6.5,5.7E-07
NC_016810.1,238,2608037,2608059,+,TATCGAGCGGGACGTAGCCTACC,intergenic,,,,,,27,32,8,0,0,0,5.3,0.0068
NC_016810.1,263,2882374,2882394,+,AAGCAGCGAACGTATCAACCA,intergenic,,,,,,42,182,54,3,5,21,3.2,0.003
NC_016810.1,264,2885853,2885885,+,AGAAGCTGAATTAAGGACCTGATCACACTTTTC,intergenic,,,,,,50,11,132,0,0,2,5.8,8.9E-05
NC_016810.1,281,3050377,3050403,-,GTGTGATTTAATCGCGCTCCTGATGGC,intergenic,,,,,,61,80,149,0,2,2,6,2.5E-06
NC_016810.1,297,3232827,3232855,-,TTACTGATTCGACTGTCTTCTAAAGGCGC,intergenic,,,,,,1837,506,338,39,10,11,5.3,1.5E-17
NC_016810.1,299,3235799,3235831,-,GTATTCGTTTTCGCACGCGTAGGCCCGGTAAGC,intergenic,,,,,,120,7,47,0,0,0,6.3,8.6E-05
NC_016810.1,300,3235840,3235868,-,TTATCCGGCCTACTCACTGCAACGCGAAT,intergenic,,,,,,17,18,24,0,0,0,5.2,0.0099
NC_016810.1,331,3507581,3507618,+,AGTTAGCCAGTGCAGGACGGCCTGTTGTGTGACACAAC,intergenic,,,,,,164,175,140,0,2,2,6.8,3.4E-08
NC_016810.1,370,4018987,4019015,-,ACACACACGATTCCAAAACCCCGCCGGCG,intergenic,,,,,,25,32,59,0,0,0,6.2,0.00032
NC_016810.1,391,4234062,4234095,-,GCGCTGGTGGGACTGTTCAGCTGACAATGTGCCG,intergenic,,,,,,41,37,78,3,0,0,5.1,0.0008
NC_016810.1,412,4534935,4534974,-,TTTATCCGGCCTACGACCCTACCCCTGCCCTCTCTCAAAC,intergenic,,,,,,17,90,41,2,0,0,5,0.0013
NC_016810.1,413,4536221,4536244,+,GTGCTCAGGGCTGGCTTTTTCAAT,intergenic,,,,,,58,23,8,2,0,0,4.6,0.0059
NC_016810.1,426,4625468,4625501,+,CACGCGCTGTTTATCCATGTCGGGGGCGTCGGAT,intergenic,,,,,,228,64,179,0,5,7,5.2,5.8E-06
NC_017718.1,1,339,366,-,CGTATTCTGTGAGGCCCCCACTATCTTT,plasmid,,,,,,592,600,419,0,21,60,4.8,2.1E-05
NC_017718.1,4,24068,24093,-,GACGTTCGCGCGTCCGGCACCTCTCT,plasmid,,,,,,91,83,88,0,0,2,6.6,5.5E-06
NC_017718.1,5,30059,30089,-,TAGATAGTGATTGAGATGCCGGACTTCCTGG,plasmid,,,,,,284,106,93,6,0,2,5.7,7E-08
NC_017718.1,10,41837,41872,-,GTCTAGGCATTACAGTAGAGCCCTTGGTTGATTGAT,plasmid,,,,,,2490,1126,783,16,18,25,6,1.2E-18
NC_017718.1,11,42110,42140,+,GTTGCGAAGGCTGACCTCATTGCGCCCTTTC,plasmid,,,,,,53,30,22,0,0,5,4.6,0.0072
NC_017718.1,12,42563,42590,-,ACGGAACAGTAAAAAAACCGACCTCACC,plasmid,,,,,,52,57,85,0,2,2,5.5,5.2E-05
NC_017718.1,13,42595,42625,-,ACAGTTCTTTTCCGACCAGAGCCACCCACTC,plasmid,,,,,,86,78,106,0,2,2,6,3.6E-06
NC_017718.1,15,42997,43025,+,CCTGGAAACGTAACTAAGGGCAGGGAGTT,plasmid,,,,,,163,267,226,1,26,32,3.8,0.00012
NC_017718.1,16,43844,43882,+,TTATCTGTTGTAATGAACAAAAGCCGGCTCATTTGAACC,plasmid,,,,,,35,18,71,2,2,0,4.4,0.0024
NC_017718.1,17,83187,83211,-,AGTTACGACGGTACAGCTGCTTCTT,plasmid,,,,,,31,21,17,0,0,0,5.4,0.0051
NC_017718.1,18,83275,83300,-,TCTTCGCAGCCTGTACCACCCTTTCT,plasmid,,,,,,60,23,32,2,0,0,5.1,0.0011
NC_017718.1,19,86233,86257,-,GTAGGAACTCGGTGATAGCGTTTTT,plasmid,,,,,,84,83,74,11,8,9,3,0.00075
NC_017718.1,20,86263,86292,-,TATTCCTACCCCCGTCTGGGCTATCACCAA,plasmid,,,,,,467,549,281,42,79,94,2.6,0.00019
NC_017718.1,21,86320,86363,-,TATTTCTTGTCGTCATCTATGGTAGCTCAGGCGGGGCAGGCATT,plasmid,,,,,,155,198,177,2,26,76,2.9,0.0043
NC_017720.1,1,9872,9899,-,GGCCGGTCTGACTGGCTTCCTGACTGAC,plasmid,,,,,,568,138,150,3,2,7,5.9,1.5E-09
NC_017720.1,2,38591,38627,+,GATATTAATAATTGTCTGCCGGACGTGTTCCCGTCCG,plasmid,,,,,,652,451,314,8,24,41,4.3,1.9E-07
NC_017720.1,3,60954,60980,+,AGATCGCACAATCCGGGCTGAGTTCCC,plasmid,,,,,,408,198,189,19,6,14,4.3,3.7E-09
NC_017720.1,4,92027,92058,+,TATACAGTTTAAGTAGGCCCCGTTAATCTTTC,plasmid,,,,,,98,175,199,8,0,11,4.6,7.5E-06
NC_017720.1,5,92068,92103,+,AAGAAATGAGAAGATTATCGGGGTTTTTGCTTTTCT,plasmid,,,,,,109,46,44,9,0,11,3.4,0.0045
