"CP011972_fwdCDS_739233_739548_rev",0.508918225972677,0.257385025684862,0.297326195730602,0.747373823451623,0.211592030242075,0.680546765919912
"CP011972_ncRNA_119433_119810_fwd",-0.0693475319408416,0.965115463499273,-0.472325350257412,0.75407728539205,0.402977818316571,0.638171603565205
"CP011972_ncRNA_119724_119882_rev",-4.4821734854752,0.0112367741688794,-0.487107977760239,0.921047621957433,-3.99506550771496,0.0482402475888422
"CP011972_ncRNA_1226178_1226468_fwd",0.0854447716698288,NA,-0.745117891522249,0.897298121261089,0.830562663192078,NA
"CP011972_ncRNA_1300899_1301216_rev",-1.66852278863413,0.216990413984587,-1.65606389292333,0.471281735622252,-0.0124588957108021,0.994608175565302
"CP011972_ncRNA_1324562_1324681_fwd",0.345772427592401,0.911928053343241,-0.435824872272633,0.914810155767054,0.781597299865034,0.670406256748086
"CP011972_ncRNA_1456361_1456660_fwd",-0.983183388878089,NA,-2.94966099165327,0.447127734000599,1.96647760277518,NA
"CP011972_ncRNA_1494687_1495064_rev",1.40615975147611,0.437755850161401,-1.41141305827223,0.673938205833681,2.81757280974834,0.118533836468571
"CP011972_ncRNA_170583_170708_rev",-0.927931371394128,0.388537889574468,-0.323894117340136,0.892895751143458,-0.604037254053992,0.591365185256869
"CP011972_ncRNA_1718052_1718210_fwd",0.287600951263478,NA,1.14880449048288,0.511590034608511,-0.861203539219401,0.419028345323233
"CP011972_ncRNA_1752191_1752476_fwd",-0.929061436185775,0.184862465300691,0.196974888514115,0.909678781264406,-1.12603632469989,0.12568399084798
"CP011972_ncRNA_1766902_1767068_rev",0.206835130501537,NA,-0.243806877085665,0.976461085646818,0.450642007587202,NA
"CP011972_ncRNA_1766907_1767062_fwd",-0.309940694568559,NA,-2.3101517281672,0.586002646684247,2.00021103359864,NA
"CP011972_ncRNA_1849920_1850097_rev",0.401010073889716,0.83873818617369,-1.7162741426027,0.394977015139026,2.11728421649242,0.10939074042955
"CP011972_ncRNA_1897172_1897363_fwd",0.746647774172189,0.313810181590146,-0.126948169663316,0.948061517654045,0.873595943835505,0.254483387033482
"CP011972_ncRNA_1900868_1901148_fwd",-2.58578588789744,0.0994966023109558,-0.0602565441990081,0.98957349607134,-2.52552934369843,0.144816807804881
"CP011972_ncRNA_1901261_1901639_rev",-1.09706269727996,0.349186404014728,-0.277563162572061,0.920834685543947,-0.819499534707896,0.493392222356936
"CP011972_ncRNA_1904241_1904570_fwd",-0.713402881497478,0.691672919001178,0.643834679916278,0.816075487382771,-1.35723756141376,0.358293789911097
"CP011972_ncRNA_2035568_2035765_fwd",0.260289446611472,0.796837313321236,-0.18437038465497,0.928698144914439,0.444659831266442,0.611750374439205
"CP011972_ncRNA_2294607_2294819_rev",1.16121717937228,0.383666317771067,-1.14789182278626,0.662138381966896,2.30910900215854,0.0982635237240521
"CP011972_ncRNA_2397801_2398064_fwd",-0.103087361196242,0.918298504560177,-0.650895355017866,0.495382122626494,0.547807993821624,0.359857325763816
"CP011972_ncRNA_2433675_2433899_rev",-2.75740459607056,0.0597755904962646,-0.975001459899893,0.754265289931603,-1.78240313617067,0.285400514308604
"CP011972_ncRNA_2537900_2538235_fwd",0.8037834711927,NA,1.24833849968789,0.721931637996312,-0.44455502849519,NA
"CP011972_ncRNA_2569431_2569763_fwd",-0.376070280466694,0.763857134355613,-0.206647797571575,0.923881152019632,-0.169422482895118,0.873332649428096
"CP011972_ncRNA_2622176_2622307_fwd",-0.465773914038444,NA,-0.781187816071137,0.778267202984949,0.315413902032693,0.845252950732126
"CP011972_ncRNA_2653071_2653331_rev",1.160494026679,0.351479570349954,0.0261915116006915,0.993949513444281,1.13430251507831,0.365012412172531
"CP011972_ncRNA_2730713_2730964_fwd",2.24229536506858,NA,-0.0841840326180603,0.985972729264773,2.32647939768664,0.172594678651994
"CP011972_ncRNA_2898578_2898736_fwd",-1.45617304794587,0.109295346130264,-1.08194659221769,0.531990093247362,-0.37422645572818,0.748074883751835
"CP011972_ncRNA_290612_290857_fwd",-0.482869024747998,0.697474037222632,-0.680588549903433,0.712218295852596,0.197719525155435,0.864483191340659
"CP011972_ncRNA_3131669_3131911_fwd",-0.41842557935355,NA,-0.436026887337192,0.926291138898983,0.0176013079836424,NA
"CP011972_ncRNA_3188204_3188377_fwd",0.12366517471512,0.932895515626627,-0.769624712846671,0.690074558970174,0.893289887561792,0.389635329720569
"CP011972_ncRNA_320205_320563_fwd",-2.3542300037084,0.0745864592386058,1.13201945783697,0.672792265497022,-3.48624946154537,0.0132465079109936
"CP011972_ncRNA_3219768_3219971_rev",-0.103035144549867,0.951592394041046,-0.359084613223726,0.824358116199601,0.256049468673859,0.780543657629606
"CP011972_ncRNA_322030_322306_fwd",-1.12513694753515,0.192934257535663,-0.168698381079498,0.941376997979401,-0.956438566455654,0.30210742974761
"CP011972_ncRNA_3260267_3260449_fwd",-0.189286507798107,0.895745613398842,-0.822205125242659,0.642645620873859,0.632918617444552,0.532834205718524
"CP011972_ncRNA_3285249_3285470_rev",0.137759571989275,0.873886590196958,-0.738113721907512,0.343464200685349,0.875873293896787,0.0901932560797808
"CP011972_ncRNA_3397111_3397361_rev",1.24616799292365,0.250612902370564,-2.19636068805723,0.178871925438936,3.44252868098088,0.00281045829901627
"CP011972_ncRNA_3532451_3532642_fwd",-0.631830805299971,0.57455523211865,0.864834372773864,0.59804884621418,-1.49666517807383,0.119858863852361
"CP011972_ncRNA_3536734_3537003_rev",0.00947534623193872,0.995895666940812,-1.40499866882617,0.178871925438936,1.41447401505811,0.0621321879397755
"CP011972_ncRNA_3765999_3766298_rev",-3.39431539995559,0.0179462000417675,0.595395396901736,0.863541343306556,-3.98971079685732,0.0108450993243806
"CP011972_ncRNA_4231019_4231262_rev",-0.266971042539619,0.56718276650481,-0.623552524310003,0.302703200503176,0.356581481770384,0.400694365603337
"CP011972_ncRNA_4470964_4471188_fwd",-0.107732837446898,0.963638184982207,-1.07347113825828,0.582187272944578,0.965738300811382,0.411937641128142
"CP011972_ncRNA_4634388_4634555_rev",-0.87987100491903,0.512195352902789,0.983260821510136,0.653772602326488,-1.86313182642917,0.122710504271213
"CP011972_ncRNA_4663968_4664124_rev",-0.423060057591409,0.758044607964614,0.0652280271302655,0.976461085646818,-0.488288084721674,0.654242587838959
"CP011972_ncRNA_474747_474938_fwd",-0.299826194698653,0.776486584852891,-0.465831701103246,0.749165215617931,0.166005506404593,0.849976911302861
"CP011972_ncRNA_474957_475394_rev",-2.74733239697001,0.0659746029532981,0.565025241303009,0.878439090824315,-3.31235763827302,0.0410729635759301
"CP011972_ncRNA_5040669_5040833_rev",-5.3809835354773,NA,-2.99896180162874,NA,-2.38202173384856,NA
"CP011972_ncRNA_5148068_5148376_fwd",-2.03141398522225,0.0745864592386058,-1.3784112973891,0.508563516838183,-0.653002687833154,0.64057338601564
"CP011972_ncRNA_5306571_5306972_fwd",-0.358586346237673,0.362306389818095,-0.626071328430524,0.306840022658105,0.267484982192851,0.53459705155679
"CP011972_ncRNA_5377254_5377679_rev",0.271186176997143,0.798789540901276,-1.23330227046071,0.229473725163049,1.50448844745785,0.036955315112831
"CP011972_ncRNA_5438181_5438417_rev",-1.87673901560923,0.105498170549761,0.140773767484548,0.972614685998722,-2.01751278309378,0.110926385017299
"CP011972_ncRNA_5459360_5459656_fwd",-1.83673942268373,0.257385025684862,-0.332142250087505,0.936253688007294,-1.50459717259623,0.373762902525771
"CP011972_ncRNA_5459703_5459897_fwd",-0.586857755815959,0.779115345999796,-0.405484070205658,0.908517540112076,-0.181373685610301,0.919165053460454
"CP011972_ncRNA_5469984_5470208_fwd",-0.774996741157903,0.691672919001178,-0.669814693722097,0.828147052519695,-0.105182047435806,0.954445986647158
"CP011972_ncRNA_5827137_5827361_fwd",-0.139747494298069,0.927357155336018,-0.506087005340557,0.749165215617931,0.366339511042488,0.683381879878614
"CP011972_ncRNA_5953317_5953616_rev",-1.18840760948947,0.356337640621957,0.434959217818363,0.873400874345506,-1.62336682730783,0.198006888524929
"CP011972_ncRNA_5958143_5958344_rev",-1.67822833060617,0.333438026860237,-0.58482987369769,0.87602795245087,-1.09339845690848,0.539655386397396
"CP011972_ncRNA_6013104_6013277_rev",-0.387062790301561,0.646325539161802,0.222455255729509,0.887177210806933,-0.60951804603107,0.398635388118201
"CP011972_ncRNA_6049539_6049688_fwd",0.682419910380074,0.57887933319825,0.617976994622281,0.766231840135259,0.0644429157577931,0.96014862627809
"CP011972_ncRNA_6082989_6083300_rev",-0.960601932059795,0.271036303145698,-0.0960561053253335,0.972766510116742,-0.864545826734462,0.343215936600137
"CP011972_ncRNA_6513384_6513635_rev",0.432502121356527,0.313810181590146,-0.659586930223994,0.42616340131972,1.09208905158052,0.0296402010429539
"CP011972_ncRNA_743622_743984_fwd",0.147006321257401,0.844326280339608,-0.419236292649111,0.627744610254258,0.566242613906512,0.254457845174437
"CP011972_ncRNA_745275_745542_rev",-0.452718976533404,0.676574131258956,-3.27624491902957,0.0221699591279971,2.82352594249616,0.0194167650866351
"CP011972_ncRNA_760028_760267_fwd",-0.124113313646969,0.891989024561556,0.0792971955281765,0.959080703208535,-0.203410509175145,0.743257929941813
"CP011972_ncRNA_768152_768370_fwd",-0.685981273087023,0.300048691828378,-0.150829249252382,0.924943288242498,-0.535152023834641,0.434210732930346
"CP011972_ncRNA_806901_807143_fwd",0.164267578044848,0.911177508912197,-1.29009453014708,0.237263300223034,1.45436210819193,0.0606157046227793
"CP011972_ncRNA_886333_886638_fwd",0.239560175435522,0.76759322285786,-1.30923965320628,0.120787180819175,1.54879982864181,0.0123502346351987
"CP011972_ncRNA_905019_905228_fwd",-0.218361548957048,0.87566352382495,-1.81821255329516,0.180711793243244,1.59985100433811,0.105973635182932
"CP011972.2_antisense_1017631_1017856_+",0.507861296812466,0.551380186638993,-0.605660809394382,0.689434299923295,1.11352210620685,0.16611913143679
"CP011972.2_antisense_1125644_1125923_+",-0.136174634761723,0.951592394041046,-0.49929786617403,0.815137185605746,0.363123231412307,0.767963186946474
"CP011972.2_antisense_1126100_1126582_+",-0.0966780645810848,0.93963816609216,-1.16869002190231,0.208358190120951,1.07201195732123,0.112557288371485
"CP011972.2_antisense_1155370_1155677_-",0.163467960766521,0.789705542944275,-0.000419994541418066,0.999771418131374,0.163887955307939,0.743531986019055
"CP011972.2_antisense_119991_120242_-",-0.196921278719885,0.774486711966626,-0.178288998136816,0.873400874345506,-0.0186322805830691,0.97729874683832
"CP011972.2_antisense_1245423_1245888_+",0.649364724837949,0.592707455840425,-0.52483842639193,0.806380367609078,1.17420315122988,0.286196750514435
"CP011972.2_antisense_1345869_1346185_+",-2.96675668982465,0.0510409600354642,0.122782800687438,0.976461085646818,-3.08953949051208,0.0684285914453394
"CP011972.2_antisense_1355762_1356019_+",-4.00739254380115,0.0597755904962646,-0.401973439649359,0.948023765706716,-3.6054191041518,0.128791655508343
"CP011972.2_antisense_1369572_1369895_+",2.13982988144696,0.618814226200369,-1.16373993527695,0.888999446096041,3.3035698167239,0.386475917522482
"CP011972.2_antisense_1373405_1373774_+",-0.503608967909624,0.836313714555588,0.148133426823663,0.976461085646818,-0.651742394733287,0.70742700021092
"CP011972.2_antisense_1453905_1454357_-",-1.64504332371441,0.208069763878958,0.323160953631523,0.920933551476586,-1.96820427734593,0.152036777973673
"CP011972.2_antisense_1495364_1495802_-",0.199424226529742,0.844326280339608,-1.35531986084565,0.16837763589792,1.55474408737539,0.0277823733556857
"CP011972.2_antisense_1514808_1515146_-",-0.0681632214075968,0.96379397165343,-1.5498814642298,0.133631263138243,1.48171824282221,0.0593757792788855
"CP011972.2_antisense_1547964_1548347_-",-0.266343976250359,0.595863969986484,-0.200058595151164,0.828881794171936,-0.0662853810991956,0.906364819002126
"CP011972.2_antisense_1569077_1569334_+",-0.592994243610673,0.70381558951541,0.126156905394617,0.973850895195702,-0.719151149005289,0.576384058135956
"CP011972.2_antisense_1576966_1577175_-",-2.58285384627194,0.0659746029532981,-1.1252171790801,0.700159143575396,-1.45763666719184,0.369544158762797
"CP011972.2_antisense_1603687_1604072_-",-1.37751300779769,0.33156563126664,-0.0129613243368188,0.997763429335459,-1.36455168346087,0.345102983944193
"CP011972.2_antisense_1621857_1622057_-",-0.41900155905197,0.513503909069894,-1.28147731956449,0.229404350505959,0.862475760512515,0.263733094690356
"CP011972.2_antisense_1624421_1624642_+",-0.534154061714039,0.628078578252213,-0.269168549136042,0.903469943074089,-0.264985512577997,0.805296253963571
"CP011972.2_antisense_1647729_1648023_+",-2.12268650727842,0.49817138912769,-4.55550747119744,0.284872394014486,2.43282096391902,0.424057275695767
"CP011972.2_antisense_1668390_1668695_-",-1.67449041695626,0.198315390162361,0.618673533707676,0.814155368313212,-2.29316395066394,0.0885820649856792
"CP011972.2_antisense_1672024_1672265_-",-1.97432449059873,0.166914254207087,-0.0592136476281642,0.988214942192999,-1.91511084297056,0.208150467619076
"CP011972.2_antisense_1748288_1748548_+",-0.783390089427691,0.500651412000055,0.444976836065895,0.829973660080733,-1.22836692549359,0.251406381666737
"CP011972.2_antisense_1753012_1753278_+",0.418959375106105,0.534295742136222,-1.00593550400999,0.307569585739047,1.42489487911609,0.0267527489748259
"CP011972.2_antisense_1828776_1829003_-",-1.28068639220318,0.627771794576291,-0.483517045750629,0.92852356357034,-0.797169346452549,0.74693481097024
"CP011972.2_antisense_1830210_1830524_-",-1.67562185969819,0.193317622991785,-0.829791412190714,0.748118289580151,-0.845830447507472,0.550176439167815
"CP011972.2_antisense_189860_190153_+",-0.917989137426253,0.460603370414787,0.353877164322944,0.892895751143458,-1.2718663017492,0.277977179698
"CP011972.2_antisense_1916774_1917343_+",0.210869789390674,0.700848938984933,-0.831351472275388,0.15210503546428,1.04222126166606,0.0142769533518419
"CP011972.2_antisense_1993888_1994238_-",-0.252935508318137,0.864203649284682,-1.01810980435443,0.489000817217123,0.765174296036296,0.416204071694968
"CP011972.2_antisense_202061_202429_-",0.132293121281262,0.803074785053529,-0.131057890609528,0.873591997483292,0.26335101189079,0.50086558648252
"CP011972.2_antisense_2033341_2033568_+",0.104878608817115,0.911567484077165,-1.00557332556359,0.224083206021659,1.1104519343807,0.0542187409729283
"CP011972.2_antisense_2071099_2071445_-",-0.0360658258992176,0.986896056386806,-0.162166611512079,0.936253688007294,0.126100785612861,0.896240727453061
"CP011972.2_antisense_2119128_2119364_-",-0.273839821568888,0.8459272209469,-1.28914586418207,0.399268171689389,1.01530604261318,0.321779724213086
"CP011972.2_antisense_219710_220010_+",-2.51658899367793,0.257385025684862,1.31027748412351,0.7610261587632,-3.82686647780144,0.0861115590646453
"CP011972.2_antisense_2233867_2234129_-",-1.64636471664015,0.313810181590146,0.206491910364655,0.964701121674246,-1.85285662700481,0.25694664534528
"CP011972.2_antisense_2242947_2243228_-",-0.855449849311272,0.479490341884432,-0.243805317745955,0.92852356357034,-0.611644531565318,0.607116980978229
"CP011972.2_antisense_2311168_2311358_-",-2.75751748023386,0.0479352353924189,0.0605403706258244,0.988214942192999,-2.81805785085968,0.0686625580462359
"CP011972.2_antisense_2385543_2385788_-",-0.657096825637512,0.349186404014728,-2.85743215528493,0.0036332246871305,2.20033532964742,0.016463814420221
"CP011972.2_antisense_2403507_2403680_-",-2.62551600475072,0.0893754649373433,-0.630485782137987,0.861617205706416,-1.99503022261273,0.251905023185264
"CP011972.2_antisense_2412654_2412800_-",-0.126974315921387,NA,-2.51456799522415,0.51633520343367,2.38759367930276,0.312708935593321
"CP011972.2_antisense_2456475_2457440_+",-0.517656492674401,0.644485518970403,-1.34443570389099,0.329925241080028,0.826779211216588,0.394811763416815
"CP011972.2_antisense_2462207_2462884_+",-0.100691159416768,0.943445309950085,-1.34713381896957,0.15210503546428,1.2464426595528,0.0794686031311345
"CP011972.2_antisense_2465404_2465589_+",-0.104683497883585,0.951592394041046,-0.0370820498325023,0.988214942192999,-0.0676014480510827,0.950481913668805
"CP011972.2_antisense_2522527_2522700_-",-0.538084096034342,0.659552881907024,0.502542957878598,0.802918177936277,-1.04062705391294,0.321608570530441
"CP011972.2_antisense_2528196_2528618_-",1.20792237076987,0.789705542944275,-3.35877538823946,0.57174901998171,4.56669775900933,0.190209564540035
"CP011972.2_antisense_256182_256460_-",-0.244574799392579,0.798106661999364,0.589060846729645,0.59804884621418,-0.833635646122224,0.206142951150394
"CP011972.2_antisense_2724237_2724425_-",0.722139733738191,0.443573338917853,-1.59228561195961,0.307569585739047,2.3144253456978,0.0218014672033827
"CP011972.2_antisense_2734548_2734968_-",0.124995098679878,0.891989024561556,-1.82775033706181,0.000251332528031165,1.95274543574169,4.70862198383027e-05
"CP011972.2_antisense_2740048_2740342_+",0.293280922788118,0.844326280339608,-2.11074489967244,0.0849952476344588,2.40402582246056,0.0113703622280241
"CP011972.2_antisense_2774887_2775189_-",0.634327577287212,0.501838986181018,0.795655307167025,0.586002646684247,-0.161327729879813,0.873439784451156
"CP011972.2_antisense_2809132_2809473_+",-0.153116539326241,0.911177508912197,-0.913778060973537,0.434503507385884,0.760661521647296,0.323671999069888
"CP011972.2_antisense_2849805_2850327_-",0.983398761903322,0.445723082314841,-1.02087359823901,0.664391163157119,2.00427236014233,0.113028269640148
"CP011972.2_antisense_3017178_3017468_-",0.152035598587797,NA,-2.23250843021045,0.392786294440646,2.38454402879825,0.156393727953651
"CP011972.2_antisense_3114189_3114458_-",0.554699034428877,0.697810707192386,-0.624711338493466,0.80232334113823,1.17941037292234,0.359857325763816
"CP011972.2_antisense_3149776_3150066_+",-0.17556951971196,0.893791934239705,-1.03726204674333,0.390680880722215,0.861692527031373,0.283317590347401
"CP011972.2_antisense_316374_316676_-",-0.408915099933625,0.583741913858528,-0.478599030791074,0.698304703131702,0.0696839308574497,0.932286646455764
"CP011972.2_antisense_3170048_3170233_+",-0.616298840496848,0.691672919001178,-0.986649255118742,0.672572906326903,0.370350414621894,0.801168029678393
"CP011972.2_antisense_3228400_3228939_+",0.333440452865053,0.736351082800785,-0.548509058487071,0.690798404866016,0.881949511352124,0.243343325152763
"CP011972.2_antisense_3240575_3241027_+",-0.201870106896053,0.812232704746561,-0.420797710720791,0.707801171184437,0.218927603824738,0.742487811641988
"CP011972.2_antisense_3241907_3242373_+",-0.156487985254983,0.930740007960307,-1.51532331234625,0.27757582854549,1.35883532709127,0.160119404196333
"CP011972.2_antisense_3249771_3249971_+",-1.10229715569916,0.0434366083852993,-0.50336836467693,0.672314898953156,-0.598928791022232,0.368367982409537
"CP011972.2_antisense_3279790_3280530_+",0,NA,3.30181769639073,0.541590718962553,-3.95634719504383,NA
"CP011972.2_antisense_3281933_3282286_+",-2.23608638583653,0.697293893696097,-0.429485949752799,0.976378108275992,-1.80660043608373,0.717423700613133
"CP011972.2_antisense_3422168_3422389_+",-1.01695852222226,0.366619452661721,-1.01166727467165,0.595854420505121,-0.0052912475506038,0.997277351132591
"CP011972.2_antisense_343080_344651_-",0.144743299778871,0.876784670966104,-0.817186006843754,0.307569585739047,0.961929306622625,0.0775611513988692
"CP011972.2_antisense_3431735_3431938_+",-0.190377532139303,0.885831676867971,-0.853230607757954,0.591472766912538,0.66285307561865,0.486821376303306
"CP011972.2_antisense_3464778_3465365_-",-0.564583066785804,0.661006471051094,-2.04221948792566,0.14658711713653,1.47763642113985,0.173254224151364
"CP011972.2_antisense_349399_350083_+",-0.274118724290435,0.704732789151834,-0.193026988903601,0.878435273961542,-0.0810917353868348,0.906364819002126
"CP011972.2_antisense_3529812_3530009_+",1.10413473489736,0.450535850481641,-2.10404730181161,0.423672577958608,3.20818203670897,0.0493564748122644
"CP011972.2_antisense_3604827_3605168_-",-1.59185524610253,0.300873713496386,-0.228619660911207,0.953156540425237,-1.36323558519132,0.384357150703453
"CP011972.2_antisense_3606549_3607292_-",-0.353925444176922,0.600999429416294,-0.505843849446418,0.617464697003285,0.151918405269496,0.820775422008471
"CP011972.2_antisense_3612906_3613115_-",-2.25313945211876,0.112946569452159,-0.337035317983312,0.92852356357034,-1.91610413413545,0.222452908196408
"CP011972.2_antisense_3663522_3663728_+",-0.212776072477253,0.920673017983947,-0.803340849188844,0.719716674330442,0.590564776711591,0.648016967427702
"CP011972.2_antisense_3786039_3786464_-",-1.90225412541006,0.15710499166724,1.05178935447678,0.68793986294849,-2.95404347988684,0.0300886590402278
"CP011972.2_antisense_3796109_3796384_+",-0.0872945032329514,0.951592394041046,-1.5928340923882,0.0577274781807703,1.50553958915525,0.0260622891233244
"CP011972.2_antisense_3806388_3806684_-",-0.18977631228332,0.900115696598089,-0.144465921027424,0.948023765706716,-0.0453103912558962,0.965321137922034
"CP011972.2_antisense_4039300_4039643_-",0.342892137741575,0.739100986939284,-1.15183742089428,0.351885045226798,1.49472955863585,0.0640331628656339
"CP011972.2_antisense_4061504_4061739_-",-0.266052068919067,0.757592536314157,-1.10139338662296,0.188654679512452,0.835341317703891,0.185929178109758
"CP011972.2_antisense_406808_407035_+",-2.15579165108883,0.0675354061881225,-0.372347649246093,0.906382903878835,-1.78344400184273,0.178626261595795
"CP011972.2_antisense_4075351_4075563_+",-0.302301555169988,0.758044607964614,-0.671815742864722,0.664020423981469,0.369514187694733,0.684570331640236
"CP011972.2_antisense_4101007_4101453_-",-0.0341039202411085,0.988253118031589,-1.63258015363903,0.187589917351235,1.59847623339792,0.0824756390267522
"CP011972.2_antisense_4131297_4131524_-",0.247445591019038,0.844326280339608,-0.478245953258238,0.77157290318787,0.725691544277276,0.398651443974198
"CP011972.2_antisense_4143876_4144167_-",0.202732548946543,0.828730875446253,-1.61991846409964,0.0501475442671119,1.82265101304618,0.00558333044226905
"CP011972.2_antisense_4182498_4182668_-",0.148122250065186,0.936365245627636,-0.451490669376643,0.806380367609078,0.599612919441829,0.54240380648417
"CP011972.2_antisense_4229322_4229774_-",-0.54370240790674,0.628078578252213,-0.0420578613086001,0.987400856879534,-0.50164454659814,0.62041867272851
"CP011972.2_antisense_4236_4466_-",0.0983822055524428,0.963769310940403,-0.493807171120782,0.82010443390898,0.592189376673224,0.612841823196216
"CP011972.2_antisense_4296010_4296513_+",1.36026493652076,0.661006471051094,-1.33961706901183,0.788837509265515,2.69988200553259,0.304869422894816
"CP011972.2_antisense_4320883_4321221_+",-1.76358524759298,0.206250474625762,-0.493426049574977,0.878439090824315,-1.270159198018,0.398635388118201
"CP011972.2_antisense_4347701_4348589_+",1.26072259407111,0.727675550264007,-2.00582086526647,0.690798404866016,3.26654345933758,0.238181982747319
"CP011972.2_antisense_4403368_4403903_-",0.431130136281355,0.832149301039683,-1.22638212253265,0.586002646684247,1.65751225881401,0.215239195394294
"CP011972.2_antisense_445490_445889_+",0.292463078365792,0.689813133835332,-1.10717917022185,0.20228141131449,1.39964224858764,0.0226591318794696
"CP011972.2_antisense_4478352_4479341_-",1.27552743982924,0.701935132609369,-2.40177353234833,0.586002646684247,3.67730097217757,0.160119404196333
"CP011972.2_antisense_4516986_4517165_-",0.229186319693204,0.797134874301868,-1.82596688725026,0.232278616903181,2.05515320694346,0.0505650153129063
"CP011972.2_antisense_4542721_4543078_-",-0.449392883205996,0.736407515461426,-0.770123473302549,0.672572906326903,0.320730590096553,0.774628776093569
"CP011972.2_antisense_4610563_4610954_-",0.207295842921486,0.827265097061825,-1.09505102548461,0.221630293172317,1.3023468684061,0.0379626651579118
"CP011972.2_antisense_4611846_4612085_-",0.163000462139829,0.932247652530609,-0.793676428533375,0.686543227086646,0.956676890673204,0.371498015499957
"CP011972.2_antisense_4614055_4614566_-",0.367178170418862,0.443697163483149,-0.836226570851524,0.178871925438936,1.20340474127039,0.00638522783725532
"CP011972.2_antisense_4629511_4629768_+",0.468692120612044,0.685316036079665,-1.60860368238473,0.302703200503176,2.07729580299678,0.0407510218210686
"CP011972.2_antisense_4631946_4632113_-",-0.554462675684708,NA,-2.2886179684488,0.557419539390861,1.7341552927641,0.467909979211596
"CP011972.2_antisense_4660492_4660720_-",-0.966687727541945,0.590380967137158,-0.0356115271920309,0.99359530246166,-0.931076200349914,0.568306287657633
"CP011972.2_antisense_4785551_4786014_-",-0.958056680101908,0.465261777107658,-1.1230488681059,0.586002646684247,0.164992188003994,0.91075531963844
"CP011972.2_antisense_4791314_4791967_+",1.59396114640573,0.516278989990965,-2.21758642861281,0.582187272944578,3.81154757501854,0.103797891855779
"CP011972.2_antisense_4849572_4850321_-",0.226772604118095,0.81109108863136,-1.26578405633624,0.127752286143731,1.49255666045434,0.0163471555629793
"CP011972.2_antisense_4872069_4872647_-",-1.05378139225497,0.437755850161401,0.269574821528233,0.930429208435171,-1.32335621378321,0.307981956206609
"CP011972.2_antisense_4885630_4886199_-",-1.40537356034547,0.303933720248528,0.125595305761753,0.976461085646818,-1.53096886610722,0.264224637234125
"CP011972.2_antisense_4886574_4887107_-",0.0554480708916889,0.986896056386806,-0.599682611144399,0.813745682615977,0.655130682036088,0.646173738359765
"CP011972.2_antisense_4925880_4926179_-",-0.685949954576598,0.645812431534272,0.0533937977700057,0.987847888625887,-0.739343752346604,0.573691467620602
"CP011972.2_antisense_492788_493009_+",-1.58334769304199,0.202099774055371,-0.118296365839836,0.976461085646818,-1.46505132720215,0.27016658705119
"CP011972.2_antisense_4934104_4934790_+",-1.28313109518194,0.262740861499201,-0.279461768826586,0.920834685543947,-1.00366932635536,0.402876663292763
"CP011972.2_antisense_5001113_5001610_+",0.352482646650098,0.580650080196549,-1.33415620911638,0.107270875294578,1.68663885576648,0.00638522783725532
"CP011972.2_antisense_5090037_5090255_-",-1.19903647358176,0.28124733431476,-0.449417538579982,0.842152149892972,-0.749618935001781,0.517648716223797
"CP011972.2_antisense_5100767_5100983_-",0.0489021384853619,0.9702454868085,-0.443170902806677,0.756823837465303,0.492073041292039,0.517648716223797
"CP011972.2_antisense_5112985_5113212_+",-2.16748122351901,0.0720530950558742,0.307452327478589,0.923963626653224,-2.4749335509976,0.0602608346772511
"CP011972.2_antisense_5152509_5153040_-",0.31068538194594,0.603672261994993,-0.996432943402846,0.228608207650415,1.30711832534879,0.0206801208429352
"CP011972.2_antisense_5160922_5161266_+",-1.63125258423275,0.221843674971422,1.48994324752526,0.505885263503017,-3.12119583175801,0.0189506458830452
"CP011972.2_antisense_5171229_5171589_-",-0.840211043496566,0.515220244888485,0.471014734077537,0.842030930312015,-1.3112257775741,0.266456247627507
"CP011972.2_antisense_5199656_5200135_+",0.173106828589566,0.891989024561556,-1.25756592834936,0.299073393145888,1.43067275693893,0.0741174127982912
"CP011972.2_antisense_5274626_5275069_+",-0.402124278316149,0.431418835262192,-0.458485379481258,0.599358395570379,0.056361101165109,0.928472722889637
"CP011972.2_antisense_5288648_5289279_-",1.73270187651564,0.178985516138432,0.707451918060679,0.788837509265515,1.02524995845496,0.471217607343371
"CP011972.2_antisense_5289493_5289855_-",0.116518622217067,0.951592394041046,0.357319718855012,0.854872537257727,-0.240801096637945,0.820357479325225
"CP011972.2_antisense_5303429_5303791_+",-0.216997406611768,0.856313963896869,0.0324411839618582,0.987847888625887,-0.249438590573626,0.767533071355908
"CP011972.2_antisense_5316212_5316664_+",-0.249609152896222,0.81109108863136,-0.174432017419926,0.920834685543947,-0.0751771354762954,0.932541817158864
"CP011972.2_antisense_5328417_5329031_-",0.453183638361263,0.422016232040732,-0.463506537763324,0.655386944001398,0.916690176124587,0.100671986129535
"CP011972.2_antisense_5341818_5342306_-",-0.0358253453601399,0.987504766497294,-2.17429072818791,0.0830733735027471,2.13846538282777,0.0284594491272224
"CP011972.2_antisense_5401645_5401908_-",-1.08496230447492,0.190996571086535,-0.913060023201176,0.591692207378566,-0.171902281273745,0.886565070185614
"CP011972.2_antisense_5407860_5408339_-",-0.0579902283627031,0.970098829472171,-0.0214165404993155,0.991850253914968,-0.0365736878633876,0.969175559445778
"CP011972.2_antisense_5438513_5438929_+",0.510799890324614,0.667281600222799,-2.46504511542247,0.0659948120833335,2.97584500574708,0.00469758051432915
"CP011972.2_antisense_5441347_5441960_-",-1.2865960857149,0.184862465300691,-0.125182694071781,0.967931000856428,-1.16141339164312,0.260758624534808
"CP011972.2_antisense_5498753_5499007_+",-0.747216245207575,0.295656869543478,-0.167305775469487,0.923881152019632,-0.579910469738088,0.437149886405586
"CP011972.2_antisense_5521203_5521727_-",-0.0892060525244423,0.933794218318405,-0.105010318493903,0.941265649125908,0.015804265969461,0.982370870519853
"CP011972.2_antisense_5583702_5584595_+",-0.626835695286868,0.403541860147085,-0.494535697514014,0.715014780450067,-0.132299997772854,0.878938173350515
"CP011972.2_antisense_5590433_5590876_+",-0.193026676794984,0.753268030811896,-0.425004226889325,0.607211280342175,0.231977550094342,0.654769257060051
"CP011972.2_antisense_5601902_5602174_+",-2.51831916407676,0.10284974129216,-0.440087160743433,0.914810155767054,-2.07823200333332,0.225178627191511
"CP011972.2_antisense_5645766_5646389_+",-0.173660921394752,0.898029615216908,-0.940443928413312,0.427894336465612,0.766783007018561,0.330195274118961
"CP011972.2_antisense_5669438_5669863_+",-0.431486881775754,0.565835441232977,-0.595240788217832,0.624745994901252,0.163753906442078,0.836305146729563
"CP011972.2_antisense_5688595_5689119_-",-2.25370542831627,0.0508173247428135,-0.431571002036217,0.881651707279215,-1.82213442628005,0.161525415853466
"CP011972.2_antisense_5701071_5701334_+",-0.279844897605896,0.834565766896238,0.950441740788886,0.496243050029607,-1.23028663839478,0.15321831613823
"CP011972.2_antisense_5702800_5703207_+",0.157402435159996,0.862098358627962,-1.04258865138752,0.228608207650415,1.19999108654751,0.0462543815328405
"CP011972.2_antisense_5823704_5824273_+",-0.325685383492715,0.673164151575951,0.211611065044492,0.878439090824315,-0.537296448537206,0.402876663292763
"CP011972.2_antisense_5842192_5842851_-",-0.718505437373635,0.462357781832036,0.829496770441144,0.586002646684247,-1.54800220781478,0.0827934903849156
"CP011972.2_antisense_5854764_5855153_-",-0.527154348530986,0.432269302985134,0.0975667259180997,0.952592167311153,-0.624721074449086,0.343215936600137
"CP011972.2_antisense_5880921_5881355_-",-4.69027013667581,0.0321644077909212,-0.726774058655863,0.900146853803806,-3.96349607801995,0.109294858303429
"CP011972.2_antisense_6036454_6036771_+",-2.91373691381285,0.0312679618623419,0.850236128763116,0.775337551523709,-3.76397304257596,0.0107744690279893
"CP011972.2_antisense_6157416_6157805_-",-0.14769631480444,0.92026402735908,-0.559038625954605,0.711586345954691,0.411342311150165,0.635772468093493
"CP011972.2_antisense_616898_617191_+",-2.06788178793723,0.0839603559481004,-0.049737527550768,0.988449218648926,-2.01814426038646,0.129707145026771
"CP011972.2_antisense_617339_617594_+",0.637125735509559,0.86873367245107,-1.90807488817696,0.660740781050241,2.54520062368652,0.291093638050262
"CP011972.2_antisense_6276492_6276845_-",-0.468370932936194,0.71316764468264,-1.32713183425075,0.413639870223387,0.85876090131456,0.431056379222143
"CP011972.2_antisense_6297086_6297385_+",0.0771741266604751,0.968810070171461,-1.87871747354608,0.273052828293868,1.95589160020656,0.0917997536346795
"CP011972.2_antisense_6307422_6308225_-",-0.761888449013968,0.5066069993183,0.469834297835052,0.815137185605746,-1.23172274684902,0.24275268834595
"CP011972.2_antisense_6389976_6390293_-",-1.55483217394409,0.0434366083852993,0.42105418784325,0.80232334113823,-1.97588636178734,0.0169899636105167
"CP011972.2_antisense_642710_643063_+",-0.445941371410573,0.524051699750614,-0.27930332129153,0.828153635604951,-0.166638050119043,0.82175135207095
"CP011972.2_antisense_6493300_6494050_+",-0.0129203166692035,0.99261610007847,-0.202792682447949,0.869965195122995,0.189872365778745,0.7672724031544
"CP011972.2_antisense_6521514_6521858_-",-0.424633215154035,0.79650506623189,0.665485850211536,0.758032430485142,-1.09011906536557,0.349044800310866
"CP011972.2_antisense_712458_712808_-",-1.85958461376639,0.184862465300691,0.108225219303007,0.976461085646818,-1.9678098330694,0.183423424905134
"CP011972.2_antisense_719524_719766_-",-0.173303739066663,0.891569659315924,0.416981919242222,0.768538132306106,-0.590285658308885,0.427273016636428
"CP011972.2_antisense_745763_746152_-",-0.20051952476887,0.633969355431051,-0.512936743318623,0.388485954767204,0.312417218549753,0.43681714444737
"CP011972.2_antisense_765277_765714_+",-0.903170711178048,0.207018735592096,0.586055544800161,0.667612044824413,-1.48922625597821,0.0397740919102591
"CP011972.2_antisense_779873_780263_+",0.46063994892461,0.786482872253141,-1.30795173724034,0.537214088633107,1.76859168616495,0.162874041676354
"CP011972.2_antisense_785318_785608_+",-0.0521574472311444,0.981367008302177,-0.670779413049223,0.690798404866016,0.618621965818079,0.512984286877912
"CP011972.2_antisense_792707_793218_-",0.684891285793958,0.604145670423816,-1.59922894535596,0.369517017604889,2.28412023114992,0.048137395867983
"CP011972.2_antisense_801531_801851_-",-0.00371262743798745,0.999160048772168,-1.11491839553424,0.375456365375174,1.11120576809625,0.184591169239691
"CP011972.2_antisense_864468_865185_-",-4.49953379166129,0.0326117393952256,-5.19839817935656,0.0830733735027471,0.698864387695269,0.805134589724958
"CP011972.2_antisense_906181_906472_+",-1.96836738490468,0.188065905307557,-1.02621159831509,0.728781625843591,-0.942155786589592,0.569999250628036
"CP011972.2_antisense_90972_91283_-",-0.417311696550004,0.824722730198758,-0.538932338400906,0.828881794171936,0.121620641850902,0.937312483772679
"CP011972.2_antisense_914335_914591_-",0.259902188815524,0.779115345999796,-0.836308033582161,0.473736139216577,1.09621022239769,0.127717759224486
"CP011972.2_antisense_94535_94852_+",-1.50241423679304,0.268720275844692,-0.300362963596062,0.92852356357034,-1.20205127319697,0.395613316877149
"CP011972.2_antisense_964625_964863_+",-2.26195593304435,0.0745864592386058,0.927505593457837,0.725594362439003,-3.18946152650218,0.0186817014283736
"CP011972.2_antisense_977158_977658_+",-0.282808874787536,0.531889289538768,-0.303359322053818,0.707801171184437,0.0205504472662813,0.969855724209021
"CP011973_ncRNA_21610_21774_rev",-2.72724413472102,0.0512114890302649,-0.039162406457829,0.993562657538772,-2.68808172826319,0.0854250934158339
"CP011973_ncRNA_30286_30528_rev",-0.243717994490559,0.812232704746561,0.442109272127452,0.733593185461692,-0.685827266618011,0.330774573468919
"CP011973_ncRNA_48867_49061_fwd",0.747521128682936,0.28124733431476,-1.00485015281176,0.337223804745681,1.7523712814947,0.0101548468007205
"CP011973_ncRNA_61080_61307_fwd",-0.853610181625997,0.303341740687486,-0.271915461971471,0.882564069825043,-0.581694719654527,0.497280080283692
"CP011973_ncRNA_61084_61315_rev",-0.326972249635791,0.629785532015602,-0.499615003028509,0.618009248197258,0.172642753392719,0.793932363523403
"CP011973.1_antisense_15795_16283_+",-1.47199888638819,0.129970535611883,-0.217744982453084,0.933238015378861,-1.25425390393511,0.237949652967197
"CP011973.1_antisense_18413_19139_+",0.437316134187768,0.715352276473679,-2.18793971809949,0.0501475442671119,2.62525585228726,0.00333128778406196
"CP011973.1_antisense_40066_40342_-",0.0723486788376444,0.963667564055055,-1.32835525726847,0.2950679726903,1.40070393610612,0.0987517746882159
"CP011973.1_antisense_44671_45024_-",-0.880620359620311,0.313810181590146,0.432947531925553,0.795474326350608,-1.31356789154586,0.130580202814921
"CP011973.1_antisense_55745_55942_-",-2.61169195315616,0.210307747098787,-0.475190776174338,0.928698144914439,-2.13650117698183,0.343215936600137
"CP011973.1_antisense_5952_6565_-",0.243870439605811,0.825417559245629,-0.551888384445149,0.694217154512982,0.79575882405096,0.301121060771505
"CP011973.1_antisense_68263_68454_+",-4.10537118052862,0.00297122364740698,0.233340385020066,0.957659907546953,-4.33871156554869,0.00629143110619254
"Rfam_Bacteria_small_SRP_CP011972.2_4132299_4132523_rev",-0.517825728590372,0.625770702663938,-0.394449955895753,0.824492169997206,-0.123375772694619,0.90984876454984
"Rfam_C4_CP011972.2_325041_325232_fwd",-0.557218606861496,0.55019313223967,-0.235597889877701,0.909374993150776,-0.321620716983794,0.742691787963622
"Rfam_C4_CP011972.2_4906123_4906376_fwd",-0.975041097906153,0.445731459377458,-0.0262434820647163,0.99392561810295,-0.948797615841436,0.442973454617439
"Rfam_Cobalamin_CP011972.2_1885007_1885310_fwd",0.220562915700833,0.929564720642664,-0.0483453482905063,0.988214942192999,0.268908263991339,0.856425817360367
"Rfam_Cobalamin_CP011972.2_2629038_2629229_rev",-1.02456210024904,0.372743024163315,-0.306956990394865,0.909093740191782,-0.717605109854178,0.539655386397396
"Rfam_Cobalamin_CP011972.2_2748688_2748893_rev",-0.422255732157785,0.78083913363768,-1.6473542291875,0.293436364574941,1.22509849702972,0.261045178210885
"Rfam_Cobalamin_CP011972.2_2748995_2749223_fwd",-0.402914020945122,0.774088263354158,-1.63469805832867,0.254786386364519,1.23178403738355,0.233113124061094
"Rfam_CrcZ_CP011972.2_3461736_3462104_fwd",-1.22262934038308,0.463949676795369,-0.257719548770269,0.948023765706716,-0.964909791612807,0.549674870394169
"Rfam_CrcZ_CP011972.2_4570232_4570592_fwd",-0.89900714233818,0.636964851788052,-0.0187120368866676,0.997763429335459,-0.880295105451512,0.607116980978229
"Rfam_CrcZ_CP011972.2_5262924_5263264_fwd",-0.126258287121111,0.965304453360266,0.914678919544942,0.733180020359889,-1.04093720666605,0.48366584030592
"Rfam_cspA_CP011972.2_1336345_1336479_rev",-0.332747882569718,0.672717439310315,-1.14642171568609,0.177811576907936,0.813673833116376,0.202458206491322
"Rfam_Fluoride_CP011972.2_5445053_5445235_fwd",0.346374664004376,0.576123853217721,-0.158315829544943,0.909155054990165,0.504690493549319,0.395359386787309
"Rfam_FMN_CP011972.2_2023369_2023651_rev",-1.68883383143532,0.173180703690657,-0.268699155750547,0.934461281468336,-1.42013467568477,0.284697679474078
"Rfam_gabT_CP011972.2_6219054_6219251_rev",-0.0960936647866515,0.987504766497294,-1.22263308666793,0.789321524335393,1.12653942188127,0.667442409543981
"Rfam_gyrA_CP011972.2_1922861_1923043_fwd",0.888646256425149,0.398063601924687,-0.0737833224801115,0.976461085646818,0.962429578905261,0.359857325763816
"Rfam_isrK%3BC4_CP011972.2_5128341_5128582_fwd",-1.51033997889375,0.303341740687486,-0.400497856476782,0.908860234902554,-1.10984212241697,0.466961821371517
"Rfam_P1_CP011972.2_6187956_6188323_fwd",-0.107924273675065,0.945626192598402,-0.117035463105722,0.951814846016392,0.0091111894306572,0.99244794224799
"Rfam_P15_CP011972.2_3232276_3232472_rev",-0.959168376632888,0.462357781832036,0.265207215386924,0.928392258376426,-1.22437559201981,0.321727503003079
"Rfam_P16_CP011972.2_4423657_4423845_fwd",0.998382172745652,0.384510766488427,-3.60062226746312,0.0036332246871305,4.59900444020877,1.85918428615842e-05
"Rfam_P24_CP011972.2_1087023_1087214_fwd",-1.93096287224411,0.0704067697470296,-4.44922457691848,0.0501475442671119,2.51826170467437,0.184591169239691
"Rfam_P31_CP011972.2_5073136_5073249_fwd",0.64883529554585,NA,-2.48981114972484,0.501631099649373,3.13864644527069,0.156393727953651
"Rfam_PhrS_CP011972.2_4650210_4650443_rev",0.541156727467324,0.697810707192386,-1.12609783621442,0.553667583607983,1.66725456368175,0.141503917035812
"Rfam_PrrB_RsmZ_CP011972.2_1685628_1685777_fwd",0.648747765362555,NA,-2.97838876240833,0.501115872302821,3.62713652777088,0.174327171211188
"Rfam_PrrF_CP011972.2_2741487_2741774_rev",-2.50909104149723,0.239723804128536,-4.79137722697538,0.093892029438346,2.28228618547815,0.334269160277127
"Rfam_PrrF_CP011972.2_2741601_2741828_fwd",2.02568419095473,0.113734205092578,0.509623741663577,0.866420574082465,1.51606044929116,0.289101588735159
"Rfam_PrrF_CP011972.2_2741697_2741876_rev",-0.698377400339776,0.629785532015602,-1.33504141527985,0.501833255625466,0.636664014940074,0.632865416786812
"Rfam_Pseudomon-1_CP011972.2_391274_391510_rev",0.353233965587237,0.635824491494412,-0.890700455508761,0.41054019289242,1.243934421096,0.0700523074055668
"Rfam_Pseudomon-groES_CP011972.2_4944430_4944555_rev",0.998818541386648,0.398373408861405,-0.492216159908553,0.829005175993063,1.4910347012952,0.195050250410747
"Rfam_Pseudomon-Rho_CP011972.2_5965683_5965826_rev",-0.145250070227635,0.958225479051579,-0.710422052011211,0.789321524335393,0.565171981783576,0.713923923417382
"Rfam_radC_CP011972.2_5460488_5460689_fwd",-1.14594523513042,0.294741886224994,-0.41654826743202,0.854971232257684,-0.729396967698401,0.51803731955536
"Rfam_radC_CP011972.2_5461948_5462101_fwd",-2.1981771330566,0.0629140322508578,-0.56704507416905,0.828881794171936,-1.63113205888755,0.222524015967438
"Rfam_RMF_CP011972.2_4079064_4079192_fwd",1.90228500520064,0.391403422165586,-0.871981139060359,0.839507786720682,2.774266144261,0.193627126243036
"Rfam_rne-II_CP011972.2_4437362_4438028_fwd",0.0479702009716553,0.987504766497294,-1.81103756724752,0.295846355964257,1.85900776821918,0.115248304642608
"Rfam_ROSE_3_CP011972.2_2807012_2807062_fwd",0.699512740298347,NA,-1.56399706799489,0.755115528055097,2.26350980829323,NA
"Rfam_rsmX_CP011972.2_4187524_4187711_rev",-0.140585648941671,0.958056473354622,-1.15102723354038,0.607292404148508,1.01044158459871,0.459416708607181
"Rfam_rsmX_CP011972.2_6267494_6267767_fwd",0.0675292932022779,0.972983008455487,-2.13001076280029,0.067396775965899,2.19754005600257,0.0170295309040204
"Rfam_rsmX_CP011972.2_6267770_6267856_fwd",0.380990363779281,0.875997047986087,-1.38762413572178,0.591789061477132,1.76861449950107,0.251905023185264
"Rfam_rsmX_CP011972.2_6300447_6300767_rev",-0.0434780879213394,0.990767907861639,-1.33426154111678,0.580926694978027,1.29078345319544,0.369459143930681
"Rfam_RsmY_CP011972.2_6056474_6056660_rev",-0.691552496193018,0.800134528462063,0.664367638036626,0.867218434829259,-1.35592013422964,0.48516037172085
"Rfam_SAH_riboswitch_CP011972.2_5765723_5765908_fwd",0.533540403035495,0.5904198968407,-0.259426270838339,0.897298121261089,0.792966673873834,0.372375935394371
"Rfam_sucA-II_CP011972.2_2849642_2849978_fwd",0.771260929762874,0.504406119840632,0.340246657518134,0.885853873653026,0.43101427224474,0.708685108884338
"Rfam_t44%3BRibosomalS2_CP011972.2_1650699_1650844_fwd",-0.226260231686674,0.957713961487392,-1.0375718929308,0.795474326350608,0.811311661244121,0.725286648252682
"Rfam_TPP_CP011972.2_5636304_5636549_rev",-1.14445288140008,0.0855481013656324,-0.828524112000744,0.495718884856834,-0.315928769399335,0.704206785133038
"Rfam_TPP_CP011972.2_5636323_5636593_fwd",-2.09515233155743,0.0866480769647685,-0.868663669422512,0.736129218747743,-1.22648866213492,0.382244166252535
"Rfam_TwoAGGAY_CP011972.2_4500822_4501065_rev",-0.281273248548111,0.709734073582981,-0.715916433394877,0.434544758072081,0.434643184846766,0.483184284917616
"Rfam_TwoAYGGAY_CP011972.2_1171665_1171862_fwd",-0.114165963650757,0.944795076830474,0.322380170805359,0.842030930312015,-0.436546134456116,0.60957569219333
"Rfam_TwoAYGGAY_CP011972.2_2052089_2052308_fwd",-0.303107811734909,0.501838986181018,-0.000521464446197176,0.999771418131374,-0.302586347288712,0.48366584030592
"Rfam_TwoAYGGAY_CP011972.2_2548017_2548214_rev",0.311271049180808,0.705985545081554,-0.653498964489964,0.557419539390861,0.964770013670772,0.144965046099531
"Rfam_TwoAYGGAY_CP011972.2_2798485_2798671_fwd",-0.0476047126096809,0.982101767622275,-0.52755132773029,0.732716230859617,0.479946615120609,0.580673691584447
"Rfam_TwoAYGGAY_CP011972.2_3978097_3978276_rev",-0.222548938764608,0.943765363228262,0.0958561628445659,0.976639394116995,-0.318405101609174,0.857595199197905
"Rfam_TwoAYGGAY_CP011972.2_4249573_4249744_rev",-0.0726718985672471,0.953678027957521,0.881531869416555,0.337223804745681,-0.954203767983802,0.11890734172943
"Rfam_ykkC-yxkD_CP011972.2_4814015_4814225_fwd",-2.75792570693448,0.0434366083852993,0.932433809062056,0.736129218747743,-3.69035951599654,0.010455211330084
"Rfam_yybP-ykoY_CP011972.2_1194577_1194801_rev",-0.615851476933802,0.603577738605052,-1.35751308853903,0.387196614927948,0.741661611605229,0.493028968632514
"Rfam_yybP-ykoY_CP011972.2_4257615_4257809_fwd",-0.73271811340581,0.606880014973808,-1.73345559146925,0.392950214072263,1.00073747806344,0.476351687743068
