fdr,p-value,NZ_CP011972,NC_007005,NZ_CP019871,NZ_CP028490,Annotation,Additional homologs,Amount sampled
0.041110916300252,9.43127237904382e-06,iyo_rs17945(N/A|-24.3822|0.0005019|71|155|80|168|N/A),psyr_2068(N/A|-24.5935|0.0004483|83|190|68|168|GeneID:3367582),xj28_rs18015(N/A|-23.2934|0.0012382|71|155|80|168|N/A),da456_rs08795(N/A|-19.4811|0.0114985|71|178|68|168|N/A),arylesterase,NA,0
0.109951094557201,9.63290133562624e-05,iyo_rs16170(N/A|-26.5898|0.0001019|142|247|158|232|N/A),psyr_2691(N/A|-18.635|0.0188286|140|247|158|247|GeneID:3368208),,da456_rs05690(N/A|-21.2356|0.0038462|158|269|144|221|N/A),bifunctional UDP-4-amino-4-deoxy-L-arabinose formyltransferase/UDP-glucuronic acid oxidase ArnA,NA,0
0.109951094557201,0.000147282155229546,iyo_rs22275(N/A|-22.2343|0.0020925|221|249|88|113|N/A),psyr_4095(N/A|-14.7817|0.1387389|245|298|62|113|GeneID:3369631),xj28_rs23685(N/A|-23.015|0.0014746|215|243|88|113|N/A),da456_rs25430(N/A|-19.3669|0.0123116|245|273|88|113|N/A),DUF721 domain-containing protein,NA,0
0.109951094557201,0.000193153174711612,iyo_rs22710(N/A|-21.154|0.0041197|74|87|6|19|N/A),psyr_4177(rpsO|-20.3727|0.006873|73|85|6|18|GeneID:3369714),xj28_rs24125(N/A|-21.1877|0.0044878|74|87|6|19|N/A),da456_rs25010(N/A|-20.5747|0.00587|74|86|6|18|N/A),30S ribosomal protein S15,NA,0
0.109951094557201,0.000195254917428611,iyo_rs10770(N/A|-16.4475|0.0592079|244|284|200|241|N/A),psyr_1937(N/A|-26.0167|0.0001609|238|284|200|248|GeneID:3367447),xj28_rs18735(N/A|-14.1417|0.1885922|239|284|200|247|N/A),da456_rs09475(N/A|-23.3716|0.000894|244|284|200|241|N/A),universal stress protein,NA,0
0.109951094557201,0.000239471379625439,iyo_rs18845(N/A|-19.451|0.0113938|208|229|90|116|N/A),psyr_1761(N/A|-22.0411|0.0024571|208|229|90|116|GeneID:3367269),xj28_rs11195(gloB|-19.3441|0.0130321|208|229|90|116|N/A),da456_rs10370(gloB|-22.0411|0.0022572|208|229|90|116|N/A),hydroxyacylglutathione hydrolase,NA,0
0.109951094557201,0.000247861551820558,iyo_rs21085(metG|-20.6249|0.0056878|214|247|93|119|N/A),psyr_3886(metG|-20.9975|0.0047095|214|247|93|119|GeneID:3369421),xj28_rs22565(metG|-19.8552|0.0097521|214|247|93|119|N/A),da456_rs26515(metG|-21.0264|0.004403|214|247|93|119|N/A),methionine--tRNA ligase,NA,0
0.109951094557201,0.000249537660356901,iyo_rs09155(N/A|-20.9082|0.0047892|216|244|220|249|N/A),psyr_3610(N/A|-24.8461|0.0003753|216|243|221|249|GeneID:3369145),xj28_rs20845(N/A|-15.2952|0.1099406|216|235|231|249|N/A),da456_rs00700(N/A|-18.4874|0.0205959|216|241|223|249|N/A),Derived by automated computational analysis using gene prediction method: Protein Homology.,NA,0
0.109951094557201,0.000275345029829615,iyo_rs14420(N/A|-18.9588|0.0151192|213|227|98|112|N/A),psyr_2420(N/A|-20.2067|0.0075884|213|227|98|112|GeneID:3367935),xj28_rs16065(N/A|-22.8957|0.0015885|213|228|97|112|N/A),da456_rs06985(N/A|-20.1312|0.0077409|213|227|98|112|N/A),DUF1993 domain-containing protein,NA,0
0.109951094557201,0.000283353512404548,iyo_rs23480(N/A|-20.123|0.0076817|220|297|146|223|N/A),psyr_0863(N/A|-19.9941|0.008607|210|223|93|105|GeneID:3366355),xj28_rs05915(N/A|-22.1562|0.0025059|220|296|150|223|N/A),da456_rs14425(N/A|-19.6704|0.0102593|210|223|93|105|N/A),Derived by automated computational analysis using gene prediction method: Protein Homology.,NA,0
0.109951094557201,0.000287219428834761,iyo_rs15670(N/A|-24.3961|0.0004971|181|234|98|152|N/A),psyr_2441(N/A|-16.5828|0.0570056|84|120|93|119|GeneID:3367958),xj28_rs15945(N/A|-21.7901|0.0031292|181|241|92|152|N/A),da456_rs06850(N/A|-16.7335|0.0540646|228|252|98|122|N/A),AraC family transcriptional regulator,NA,0
0.109951094557201,0.000302687115092089,iyo_rs03170(N/A|-20.9815|0.0045795|129|218|112|195|N/A),psyr_0624(N/A|-19.8246|0.0095097|129|218|112|195|GeneID:3366102),xj28_rs03965(N/A|-20.9702|0.0051041|129|218|112|195|N/A),da456_rs16315(N/A|-19.8645|0.009118|129|218|112|195|N/A),inorganic diphosphatase,NA,0
0.116859460454077,0.000348514105506538,iyo_rs00960(N/A|-24.2718|0.0005417|153|229|93|170|N/A),psyr_0191(N/A|-17.1693|0.0419299|154|191|141|170|GeneID:3365667),xj28_rs01090(N/A|-20.4718|0.0068345|153|191|141|170|N/A),da456_rs18695(N/A|-17.5196|0.0354364|154|191|141|170|N/A),Derived by automated computational analysis using gene prediction method: Protein Homology.,NA,0
0.137076068234829,0.000440253488251344,iyo_rs19220(N/A|-20.5256|0.0060388|168|217|110|152|N/A),psyr_1693(N/A|-13.0233|0.2991182|217|234|28|45|GeneID:3367198),xj28_rs10790(N/A|-20.5256|0.0066238|168|217|110|152|N/A),da456_rs10735(N/A|-20.4228|0.0064574|168|217|110|152|N/A),phage shock protein A,NA,0
0.16871112708907,0.000588156874870895,iyo_rs07900(N/A|-19.7006|0.0098525|241|253|93|105|N/A),psyr_1399(N/A|-19.5531|0.011143|241|253|93|105|GeneID:3366896),xj28_rs09200(N/A|-20.2975|0.0075618|241|253|93|105|N/A),da456_rs11675(N/A|-19.6765|0.0102215|241|253|93|105|N/A),proline--tRNA ligase,NA,0
0.16871112708907,0.000619265435518496,iyo_rs09455(N/A|-21.1602|0.004104|190|213|216|240|N/A),psyr_3555(N/A|-19.8682|0.0092694|190|247|197|240|GeneID:3369086),xj28_rs20525(N/A|-15.406|0.1041805|188|247|197|243|N/A),da456_rs01015(N/A|-20.0289|0.0082446|190|247|197|240|N/A),aspartate kinase,NA,0
0.169466153496449,0.000713416228046033,iyo_rs15195(N/A|-17.7864|0.0290749|155|174|88|108|N/A),psyr_2531(N/A|-18.3891|0.0216042|153|174|88|108|GeneID:3368048),xj28_rs15465(N/A|-23.3547|0.0011912|153|174|88|108|N/A),da456_rs06370(N/A|-19.251|0.0131908|153|174|88|108|N/A),LysR family transcriptional regulator,NA,0
0.169466153496449,0.00073296714627399,iyo_rs03200(N/A|-24.2422|0.0005528|75|221|95|242|N/A),psyr_0629(N/A|-18.2293|0.0236075|55|73|93|110|GeneID:3366107),xj28_rs03995(N/A|-17.7749|0.030887|85|221|95|194|N/A),da456_rs16290(N/A|-14.0561|0.1986421|207|221|95|109|N/A),aldehyde dehydrogenase,NA,0
0.169466153496449,0.000743817478670477,iyo_rs21195(N/A|-21.4196|0.003496|11|36|97|118|N/A),psyr_3907(glpD|-20.6207|0.0059214|2|33|200|228|GeneID:3369442),xj28_rs22675(N/A|-18.1164|0.0256905|7|36|97|122|N/A),da456_rs26405(N/A|-15.4929|0.1016564|5|24|96|112|N/A),glycerol-3-phosphate dehydrogenase,NA,0
0.169466153496449,0.000802438546442164,iyo_rs15470(N/A|-22.0756|0.0023152|229|255|14|42|N/A),psyr_2478(N/A|-14.8389|0.135064|62|91|90|112|GeneID:3367995),xj28_rs15740(N/A|-23.0457|0.0014465|164|193|217|245|N/A),da456_rs06650(N/A|-15.0581|0.1254404|225|242|29|46|N/A),outer membrane protein assembly factor,NA,0
0.169466153496449,0.000816423313472225,iyo_rs08670(N/A|-17.1204|0.0416189|160|243|146|235|N/A),psyr_3698(N/A|-20.4477|0.006571|225|243|146|165|GeneID:3369233),xj28_rs21335(N/A|-20.105|0.0084504|169|243|146|230|N/A),da456_rs00235(N/A|-20.716|0.0053684|225|243|146|165|N/A),hybrid sensor histidine kinase/response regulator,NA,0
0.185064854417252,0.00093402771213112,iyo_rs02960(N/A|-20.0394|0.0080719|211|234|95|115|N/A),psyr_4483(N/A|-17.106|0.0433595|263|294|181|211|GeneID:3370023),xj28_rs03720(N/A|-21.3211|0.0041455|221|234|95|108|N/A),da456_rs23140(N/A|-17.8869|0.0289247|262|295|180|212|N/A),TonB-dependent receptor,NA,0
0.195769701946671,0.00106230454079902,iyo_rs10985(N/A|-13.3318|0.2580903|218|230|147|160|N/A),psyr_3354(N/A|-22.0399|0.002459|141|168|88|115|GeneID:3368881),xj28_rs11795(N/A|-13.4152|0.2589466|31|43|99|112|N/A),da456_rs02175(N/A|-26.5697|7.31e-05|142|169|88|115|N/A),ankyrin repeat domain-containing protein,NA,0
0.195769701946671,0.00107787860672634,iyo_rs29850(N/A|-18.5748|0.0187886|134|151|93|112|N/A),psyr_0057(N/A|-15.7056|0.0888705|6|23|216|236|GeneID:3365532),xj28_rs00305(N/A|-21.9881|0.0027758|134|151|93|112|N/A),da456_rs19395(N/A|-18.3541|0.0222267|6|35|203|236|N/A),Derived by automated computational analysis using gene prediction method: Protein Homology.,NA,0
0.21743857329056,0.00124706683465566,iyo_rs02465(N/A|-19.6475|0.010163|93|128|212|247|N/A),psyr_4596(N/A|-17.1628|0.0420747|23|68|212|257|GeneID:3370145),xj28_rs03185(N/A|-19.7684|0.0102474|94|144|198|246|N/A),da456_rs22555(N/A|-18.9233|0.0160007|23|68|212|257|N/A),DUF2635 domain-containing protein,NA,0
0.230938293631505,0.00141209717580005,iyo_rs18390(N/A|-20.2492|0.0071262|219|239|97|115|N/A),psyr_2092(N/A|-15.0607|0.1215959|219|241|96|115|GeneID:3367606),xj28_rs17880(N/A|-20.6738|0.0060748|219|239|97|115|N/A),da456_rs08670(N/A|-17.0691|0.0452351|191|245|182|232|N/A),ribonuclease,NA,0
0.230938293631505,0.00145842889457696,iyo_rs00325(N/A|-20.8555|0.0049455|264|288|93|109|N/A),psyr_0029(N/A|-15.7014|0.0890554|265|295|211|248|GeneID:3365504),xj28_rs00135(betC|-20.9689|0.005108|264|288|93|109|N/A),da456_rs19540(betC|-16.1654|0.0725939|265|295|211|248|N/A),choline-sulfatase,NA,0
0.230938293631505,0.00149875560026,iyo_rs26080(N/A|-17.729|0.0299989|190|212|85|107|N/A),psyr_0429(N/A|-20.6389|0.0058567|104|212|85|168|GeneID:3365905),xj28_rs26780(N/A|-18.2793|0.0235126|183|212|85|108|N/A),da456_rs17325(N/A|-19.3256|0.0126185|114|212|85|166|N/A),membrane protein,NA,0
0.230938293631505,0.00153640984521992,iyo_rs01060(N/A|-18.7943|0.0166002|14|42|217|248|N/A),psyr_0173(N/A|-20.595|0.0060139|14|42|217|248|GeneID:3365649),xj28_rs01190(N/A|-13.6537|0.2338745|15|57|200|247|N/A),da456_rs18795(N/A|-19.0463|0.0148869|14|42|217|248|N/A),30S ribosomal protein S6--L-glutamate ligase,NA,0
0.238949965597025,0.00165853017910119,iyo_rs04975(N/A|-20.7822|0.0051709|164|241|86|150|N/A),psyr_4358(N/A|-15.6278|0.0923525|164|235|92|150|GeneID:3369898),xj28_rs25235(lipA|-20.8231|0.0055658|164|241|86|150|N/A),da456_rs23770(lipA|-15.997|0.0790803|164|235|92|150|N/A),lipoyl synthase,NA,0
0.238949965597025,0.00172757535434876,iyo_rs06030(N/A|-19.0685|0.0142014|216|235|92|112|N/A),psyr_1056(algL|-11.4676|0.5228872|33|60|56|95|GeneID:3366550),xj28_rs07035(N/A|-19.7525|0.0103407|216|235|92|112|N/A),da456_rs13420(N/A|-18.5209|0.0202037|216|235|92|112|N/A),mannuronate-specific alginate lyase,NA,0
0.238949965597025,0.00175416354647965,iyo_rs23875(N/A|-17.2079|0.0397248|194|211|98|114|N/A),psyr_0796(N/A|-18.8772|0.0164233|195|214|96|113|GeneID:3366283),xj28_rs05510(N/A|-20.0755|0.008595|196|214|96|112|N/A),da456_rs14800(N/A|-19.0472|0.014879|195|214|96|113|N/A),prepilin peptidase,NA,0
0.255975688647574,0.00198261559155244,iyo_rs07050(N/A|-16.3305|0.0628834|171|233|83|155|N/A),psyr_1246(N/A|-20.274|0.0072903|144|209|188|241|GeneID:3366741),xj28_rs08345(N/A|-16.2129|0.0697733|171|233|83|155|N/A),da456_rs12485(N/A|-21.4988|0.0032386|144|220|180|241|N/A),type IV pilus biogenesis/stability protein PilW,NA,0
0.255975688647574,0.00204384071760603,iyo_rs19020(N/A|-18.4892|0.0197129|178|209|182|214|N/A),psyr_1728(N/A|-19.3195|0.0127554|177|209|182|214|GeneID:3367233),xj28_rs11010(N/A|-16.4856|0.0607318|166|209|182|223|N/A),da456_rs10555(N/A|-19.6695|0.0102649|188|209|182|203|N/A),tRNA hydroxylase,NA,0
0.255975688647574,0.00212905601580667,iyo_rs00785(N/A|-18.6579|0.0179301|121|147|93|118|N/A),psyr_0208(N/A|-21.785|0.002889|122|148|93|118|GeneID:3365684),xj28_rs00635(N/A|-12.745|0.3401681|60|74|234|248|N/A),da456_rs18485(N/A|-17.1585|0.0431145|122|155|88|118|N/A),RidA family protein,NA,0
0.255975688647574,0.00216734020769976,iyo_rs24130(N/A|-19.9488|0.0085158|231|262|213|246|N/A),psyr_0757(N/A|-14.3364|0.1703701|231|271|204|246|GeneID:3366244),xj28_rs05310(N/A|-19.9347|0.0093184|231|265|210|246|N/A),da456_rs15010(N/A|-16.7662|0.0531406|231|271|204|246|N/A),LacI family transcriptional regulator,NA,0
0.255975688647574,0.00217276909381974,iyo_rs10225(N/A|-17.5585|0.0329067|30|45|1|15|N/A),psyr_3411(N/A|-19.0406|0.0149664|11|28|1|19|GeneID:3368938),xj28_rs19700(N/A|-16.8757|0.0496634|30|45|1|15|N/A),da456_rs01810(N/A|-20.8434|0.0049506|12|29|1|19|N/A),Derived by automated computational analysis using gene prediction method: Protein Homology.,NA,0
0.258676522181289,0.0022732325460054,iyo_rs27835(N/A|-19.2587|0.0127328|156|177|96|116|N/A),psyr_0245(N/A|-18.5795|0.0194243|274|298|136|161|GeneID:3365721),xj28_rs01745(N/A|-14.975|0.1282059|274|298|136|161|N/A),da456_rs18295(N/A|-19.1972|0.0136184|274|298|136|161|N/A),iron ABC transporter permease,NA,0
0.258676522181289,0.00235604941093646,iyo_rs06125(glnQ|-19.0669|0.0142144|101|127|206|240|N/A),psyr_1075(N/A|-18.9357|0.0158871|101|127|206|240|GeneID:3366569),xj28_rs07150(glnQ|-12.5873|0.3615769|101|110|231|240|N/A),da456_rs13325(glnQ|-18.9363|0.0158794|101|127|206|240|N/A),amino acid ABC transporter ATP-binding protein,NA,0
0.258676522181289,0.00237372353458398,iyo_rs28515(N/A|-16.3175|0.0633044|188|206|91|112|N/A),psyr_5035(N/A|-21.6209|0.0032024|177|234|146|196|GeneID:3370593),xj28_rs29575(N/A|-13.3895|0.2617672|188|217|83|112|N/A),da456_rs20175(N/A|-19.6236|0.0105536|175|234|146|196|N/A),peptidase M23,NA,0
0.261874299856779,0.00246314436662719,iyo_rs14290(N/A|-16.4276|0.0598189|70|87|1|17|N/A),psyr_2395(N/A|-18.6724|0.0184369|52|90|30|64|GeneID:3367910),xj28_rs16200(N/A|-13.4119|0.2593075|280|296|182|198|N/A),da456_rs07110(N/A|-22.2504|0.0019588|52|90|30|64|N/A),LysR family transcriptional regulator,NA,0
0.274964981347585,0.00265290568038982,iyo_rs04810(N/A|-23.9058|0.0006957|189|270|146|231|N/A),psyr_4387(N/A|-11.5738|0.5056617|189|270|146|231|GeneID:3369927),xj28_rs25395(N/A|-22.2967|0.0022997|144|270|146|295|N/A),da456_rs23625(N/A|-11.6743|0.4955685|189|270|146|231|N/A),penicillin-binding protein 1C,NA,0
0.274964981347585,0.00271243271345404,iyo_rs08655(N/A|-17.438|0.0351173|182|210|57|80|N/A),psyr_3701(N/A|-17.5113|0.0349292|182|210|57|80|GeneID:3369236),xj28_rs21350(N/A|-21.1414|0.0046127|182|210|57|80|N/A),da456_rs00220(N/A|-16.6342|0.0569597|182|210|57|80|N/A),TlpA family protein disulfide reductase,NA,0
0.277131629728031,0.00279738281900284,iyo_rs15925(N/A|-16.1679|0.0683364|150|163|93|106|N/A),psyr_2944(N/A|-19.216|0.0135375|168|188|93|113|GeneID:3368464),xj28_rs14075(N/A|-20.0568|0.0086879|157|178|91|112|N/A),da456_rs04400(N/A|-18.0786|0.0259796|168|188|93|113|N/A),amino acid ABC transporter permease,NA,0
0.284897664459463,0.00294113211761318,iyo_rs12280(N/A|-17.3983|0.0358751|1|43|196|239|N/A),psyr_3062(N/A|-20.3609|0.0069217|11|57|181|227|GeneID:3368582),xj28_rs13485(N/A|-11.382|0.5495279|112|124|130|143|N/A),da456_rs03870(N/A|-18.7316|0.0178906|11|57|181|227|N/A),LysR family transcriptional regulator,NA,0
0.289561684219339,0.00314441148051807,iyo_rs24415(N/A|-18.1904|0.0232833|143|171|56|85|N/A),psyr_1520(N/A|-18.1904|0.0241207|143|171|56|85|GeneID:3367019),xj28_rs09725(N/A|-18.1576|0.0251224|139|192|138|186|N/A),da456_rs15190(N/A|-18.1904|0.0243916|143|171|56|85|N/A),ATP-dependent helicase,NA,0
0.289561684219339,0.0031505291929263,iyo_rs04055(N/A|-17.8873|0.0275145|260|277|231|249|N/A),psyr_4260(N/A|-20.8106|0.005278|260|277|231|249|GeneID:3369800),xj28_rs24640(N/A|-12.7975|0.3332318|222|238|93|108|N/A),da456_rs24475(N/A|-17.5651|0.0345629|260|277|231|249|N/A),DUF3015 domain-containing protein,NA,0
0.289561684219339,0.00318856637818955,iyo_rs15335(N/A|-15.9533|0.0761884|196|247|181|229|N/A),psyr_2503(N/A|-20.095|0.0081085|201|240|188|223|GeneID:3368020),xj28_rs15610(N/A|-11.2243|0.5763405|201|247|181|223|N/A),da456_rs06510(N/A|-20.5177|0.0060843|201|240|188|223|N/A),ABC transporter substrate-binding protein,NA,0
0.303674987574285,0.00341364404476714,iyo_rs02190(N/A|-19.6152|0.0103563|1|42|52|94|N/A),psyr_4782(N/A|-16.3975|0.0627104|1|42|52|94|GeneID:3370332),xj28_rs02220(N/A|-19.1715|0.0143587|1|42|52|94|N/A),da456_rs21565(dgcA|-15.6199|0.0954936|1|42|52|94|N/A),N-methylproline demethylase,NA,0
0.304271841995716,0.00349015648079509,iyo_rs18855(N/A|-15.1394|0.113851|205|220|92|109|N/A),psyr_1759(N/A|-21.0172|0.0046531|196|220|92|116|GeneID:3367267),xj28_rs11185(N/A|-13.9051|0.2095615|205|216|98|109|N/A),da456_rs10380(N/A|-20.4447|0.0063695|196|220|92|116|N/A),ABC transporter substrate-binding protein,NA,0
0.307228229514263,0.00359500332463159,iyo_rs13635(N/A|-15.4271|0.0989824|164|175|96|108|N/A),psyr_2231(N/A|-19.8863|0.0091713|120|253|134|239|GeneID:3367746),xj28_rs17190(N/A|-12.6142|0.3578648|96|237|151|296|N/A),da456_rs07990(N/A|-21.0222|0.0044149|110|253|134|281|N/A),carbon-nitrogen hydrolase family protein,NA,0
0.307228229514263,0.00368564039219295,iyo_rs02785(N/A|-17.8126|0.028662|28|55|220|248|N/A),psyr_4541(rplP|-18.8829|0.0163704|23|55|220|254|GeneID:3370081),xj28_rs03525(N/A|-8.71207|0.9333895|162|168|102|108|N/A),da456_rs22890(N/A|-18.8829|0.0163829|23|55|220|254|N/A),50S ribosomal protein L16,NA,0
0.307228229514263,0.00376487839138126,iyo_rs01765(N/A|-18.8056|0.0164943|92|126|145|177|N/A),psyr_4882(N/A|-13.4568|0.2503427|96|126|145|170|GeneID:3370432),xj28_rs28160(N/A|-18.8187|0.0174785|92|126|145|177|N/A),da456_rs20980(N/A|-17.2355|0.0413607|91|125|145|177|N/A),protein-export protein SecB,NA,0
0.307228229514263,0.00385075640893627,iyo_rs07680(N/A|-18.4287|0.0203917|196|209|182|195|N/A),psyr_1359(N/A|-18.3757|0.0217659|196|209|182|195|GeneID:3366854),xj28_rs08980(N/A|-16.7761|0.0522964|193|209|182|198|N/A),da456_rs11890(N/A|-18.4535|0.0209998|196|209|182|195|N/A),acetyl-CoA carboxylase carboxyl transferase subunit alpha,NA,0
0.307228229514263,0.00391397941341605,iyo_rs17940(N/A|-17.6678|0.031014|222|246|88|112|N/A),psyr_2069(N/A|-18.0682|0.0258012|222|252|94|112|GeneID:3367583),xj28_rs18010(N/A|-18.3505|0.0226163|222|246|88|112|N/A),da456_rs08790(N/A|-17.757|0.0310908|222|252|94|112|N/A),Derived by automated computational analysis using gene prediction method: Protein Homology.,NA,0
0.307228229514263,0.00394695591943077,iyo_rs15475(N/A|-18.2495|0.0225325|189|217|93|119|N/A),psyr_2477(N/A|-18.1591|0.0245412|189|217|93|119|GeneID:3367994),xj28_rs15745(N/A|-17.3817|0.0380865|197|217|93|112|N/A),da456_rs06655(N/A|-18.0521|0.0263697|189|217|93|119|N/A),N-acetyltransferase,NA,0
0.327964715417322,0.00428859572809987,iyo_rs14315(N/A|-23.5351|0.0008934|23|43|46|66|N/A),psyr_2400(N/A|-14.1271|0.1872007|23|43|46|66|GeneID:3367915),xj28_rs16175(N/A|-17.4325|0.0370752|23|43|46|66|N/A),da456_rs07085(N/A|-12.7518|0.3398108|110|118|286|294|N/A),ABC transporter permease,NA,0
0.32843492709373,0.00445133026787041,iyo_rs05085(N/A|-17.3731|0.036364|215|239|87|108|N/A),psyr_4336(N/A|-17.0434|0.0448173|215|238|88|108|GeneID:3369876),xj28_rs25110(N/A|-19.7579|0.0103089|215|239|87|108|N/A),da456_rs23885(N/A|-17.139|0.0435692|215|238|88|108|N/A),ribosomal large subunit pseudouridine synthase E,NA,0
0.32843492709373,0.00449417289937041,iyo_rs27750(N/A|-17.7762|0.0292371|264|292|93|117|N/A),psyr_4868(N/A|-17.7762|0.0302674|264|292|93|117|GeneID:3370418),xj28_rs28080(N/A|-17.9363|0.0283189|269|292|93|113|N/A),da456_rs21055(N/A|-17.7762|0.0307616|264|292|93|117|N/A),glutamine synthetase,NA,0
0.32843492709373,0.00452078358009264,iyo_rs18940(N/A|-18.3208|0.0216567|7|45|210|246|N/A),psyr_1743(N/A|-18.2434|0.0234241|8|46|210|246|GeneID:3367248),xj28_rs11085(N/A|-14.9046|0.1325623|177|189|91|103|N/A),da456_rs10475(N/A|-18.2434|0.0236704|8|46|210|246|N/A),bifunctional methylenetetrahydrofolate dehydrogenase/methenyltetrahydrofolate cyclohydrolase FolD,NA,0
0.335890772624075,0.00470046733885491,iyo_rs26960(proY|-16.7558|0.050442|17|84|149|220|N/A),psyr_4834(N/A|-18.7795|0.0173568|20|87|149|220|GeneID:3370384),xj28_rs27645(proY|-18.8167|0.0174979|20|87|149|220|N/A),da456_rs21235(proY|-16.5058|0.0609096|20|87|149|220|N/A),amino acid permease,NA,0
0.337486172794805,0.00480021626824453,iyo_rs04075(N/A|-17.5602|0.0328765|158|173|93|108|N/A),psyr_4256(N/A|-15.4541|0.1005676|157|186|87|108|GeneID:3369796),xj28_rs24620(N/A|-18.3761|0.022302|158|173|93|108|N/A),da456_rs24495(N/A|-18.2071|0.0241622|157|172|93|108|N/A),Derived by automated computational analysis using gene prediction method: Protein Homology.,NA,0
0.339301966074422,0.00495209381203995,iyo_rs30850(N/A|-15.7117|0.085994|91|166|144|225|N/A),psyr_1829(N/A|-15.8075|0.0844871|13|65|144|187|GeneID:3367338),xj28_rs19640(N/A|-23.1635|0.0013436|25|166|144|241|N/A),da456_rs09980(N/A|-13.221|0.2826712|285|300|94|108|N/A),Derived by automated computational analysis using gene prediction method: Protein Homology.,NA,0
0.339301966074422,0.00512275163009189,iyo_rs24515(N/A|-17.8433|0.0281851|140|162|53|74|N/A),psyr_1484(N/A|-17.8433|0.0291818|140|162|53|74|GeneID:3366983),,da456_rs15300(N/A|-18.7391|0.0178129|140|162|53|74|N/A),Derived by automated computational analysis using gene prediction method: Protein Homology.,NA,0
0.339301966074422,0.00515061081625558,iyo_rs07570(N/A|-20.0831|0.0078657|124|193|98|166|N/A),psyr_1337(N/A|-10.5849|0.6695677|139|194|98|153|GeneID:3366832),xj28_rs08870(N/A|-22.3777|0.0021883|110|193|98|175|N/A),da456_rs12000(N/A|-12.5168|0.3710552|98|194|98|182|N/A),ArsC family reductase,NA,0
0.339301966074422,0.00526588902829998,iyo_rs09085(N/A|-18.6402|0.0181098|223|264|28|75|N/A),psyr_3624(N/A|-21.2968|0.0039177|51|131|146|231|GeneID:3369159),xj28_rs20915(N/A|-13.289|0.2730214|223|264|28|75|N/A),da456_rs00630(N/A|-14.9047|0.134898|31|89|181|251|N/A),LysR family transcriptional regulator,NA,0
0.339301966074422,0.00526923943056383,iyo_rs27690(N/A|-19.3302|0.0122186|127|165|38|79|N/A),psyr_4854(N/A|-13.8144|0.2148531|147|170|85|107|GeneID:3370404),xj28_rs28020(N/A|-19.2643|0.0136303|127|165|38|79|N/A),da456_rs21130(N/A|-15.2856|0.1124593|127|199|10|79|N/A),2OG-Fe(II) oxygenase,NA,0
0.339301966074422,0.00529307953499901,iyo_rs08785(N/A|-15.8488|0.0802991|149|220|140|237|N/A),psyr_3675(cobU|-20.079|0.0081857|176|217|211|246|GeneID:3369210),xj28_rs21200(N/A|-16.3134|0.0663065|179|195|226|242|N/A),da456_rs00365(N/A|-19.0398|0.0149439|176|217|211|246|N/A),bifunctional adenosylcobinamide kinase/adenosylcobinamide-phosphate guanylyltransferase,NA,0
0.340512090704771,0.0054014845790377,iyo_rs12205(N/A|-20.3814|0.0065849|249|268|93|113|N/A),psyr_4269(N/A|-17.1252|0.0429212|214|231|98|116|GeneID:3369809),xj28_rs24715(N/A|-16.3643|0.0646117|211|228|98|116|N/A),,restriction endonuclease Eco57I,NA,0
0.340512090704771,0.00550410942456129,iyo_rs21020(N/A|-19.4054|0.0116988|226|249|94|117|N/A),psyr_3872(N/A|-18.5049|0.0202527|226|249|94|117|GeneID:3369407),xj28_rs22495(N/A|-15.996|0.0778269|226|249|94|117|N/A),da456_rs26580(N/A|-15.7286|0.0904807|226|249|94|117|N/A),DNA ligase-associated DEXH box helicase,NA,0
0.340512090704771,0.00554793636230259,iyo_rs10150(N/A|-19.3442|0.0121202|268|287|94|113|N/A),psyr_3425(N/A|-14.2356|0.1783125|267|284|97|112|GeneID:3368952),xj28_rs19775(N/A|-19.1208|0.0147721|268|287|94|113|N/A),da456_rs01730(N/A|-15.2446|0.1147095|267|287|94|112|N/A),fumarate/nitrate reduction transcriptional regulator Fnr,NA,0
0.340512090704771,0.00567145578344896,iyo_rs28765(N/A|-15.6627|0.0881156|48|72|92|116|N/A),psyr_5084(N/A|-20.1278|0.0079524|263|300|215|251|GeneID:3370642),xj28_rs29840(N/A|-10.5667|0.6886517|181|187|13|19|N/A),da456_rs19920(N/A|-18.8224|0.0169711|263|300|215|251|N/A),protease modulator HflK,NA,0
0.340512090704771,0.00572454629930266,iyo_rs00445(N/A|-17.7085|0.0303354|195|210|99|113|N/A),psyr_0049(N/A|-15.8231|0.0838334|234|253|92|112|GeneID:3365524),xj28_rs00260(N/A|-20.0542|0.0087009|174|249|146|221|N/A),da456_rs19440(N/A|-13.6953|0.2322026|234|253|92|112|N/A),cystathionine gamma-synthase,NA,0
0.340512090704771,0.00585435310324147,iyo_rs02100(N/A|-20.5467|0.0059625|122|165|105|156|N/A),psyr_4801(N/A|-11.7404|0.4790555|21|165|105|232|GeneID:3370351),xj28_rs02130(N/A|-21.6104|0.0034868|110|165|105|166|N/A),da456_rs21465(N/A|-12.3793|0.3901076|103|154|143|200|N/A),TolC family protein,NA,0
0.340512090704771,0.0058587765090291,iyo_rs14230(N/A|-18.1574|0.0237126|116|129|53|66|N/A),psyr_2384(N/A|-12.8006|0.3266537|103|129|53|76|GeneID:3367899),xj28_rs16255(N/A|-18.5499|0.0202747|116|160|33|66|N/A),da456_rs07170(N/A|-16.7163|0.0545564|103|129|53|76|N/A),response regulator,NA,0
0.341163099349761,0.00596108001324148,iyo_rs13960(N/A|-16.4818|0.0581681|66|114|107|161|N/A),psyr_2359(N/A|-13.851|0.2114567|58|79|93|114|GeneID:3367874),xj28_rs16380(N/A|-19.5436|0.0116436|65|114|107|161|N/A),da456_rs07265(N/A|-17.5022|0.0357757|58|79|93|114|N/A),DUF4174 domain-containing protein,NA,0
0.341163099349761,0.00602651035786455,iyo_rs05440(N/A|-15.6372|0.089238|140|159|159|182|N/A),psyr_0957(N/A|-17.9825|0.0270441|63|156|163|255|GeneID:3366451),xj28_rs06435(N/A|-13.6939|0.2298427|140|158|160|182|N/A),da456_rs13960(N/A|-20.7675|0.0051957|73|156|163|244|N/A),DUF1365 domain-containing protein,NA,0
0.344436157435088,0.00622072568317007,iyo_rs00420(N/A|-17.2198|0.0394734|169|238|180|254|N/A),psyr_0043(N/A|-14.8831|0.1322818|189|197|98|106|GeneID:3365518),xj28_rs00230(N/A|-21.4668|0.0038002|150|262|151|296|N/A),da456_rs19470(N/A|-14.5801|0.1569071|189|197|98|106|N/A),aminopeptidase,NA,0
0.344436157435088,0.00631345831711544,iyo_rs18945(N/A|-13.7311|0.2176183|192|204|220|232|N/A),psyr_1742(N/A|-21.3305|0.0038368|103|144|41|90|GeneID:3367247),xj28_rs11080(N/A|-13.0285|0.3038643|78|123|160|213|N/A),da456_rs10480(N/A|-20.1107|0.0078395|135|204|220|291|N/A),carbohydrate ABC transporter substrate-binding protein,NA,0
0.344436157435088,0.00632699520371732,iyo_rs03090(N/A|-17.7995|0.0288677|127|275|98|238|N/A),psyr_4456(ribA|-15.5445|0.0962147|155|295|93|223|GeneID:3369996),xj28_rs03840(ribA|-19.9116|0.0094425|127|275|98|238|N/A),da456_rs23275(ribA|-15.5445|0.0991118|155|295|93|223|N/A),GTP cyclohydrolase II,NA,0
0.344436157435088,0.00640039659376971,iyo_rs25745(N/A|-15.73|0.0852135|194|238|212|254|N/A),psyr_0486(N/A|-19.2113|0.0135741|242|261|232|250|GeneID:3365962),xj28_rs26350(N/A|-13.7223|0.2270277|89|105|95|108|N/A),da456_rs17035(N/A|-19.1619|0.0139059|242|261|232|250|N/A),energy transducer TonB,NA,0
0.349288832739024,0.00657070068469832,iyo_rs04220(N/A|-17.0657|0.042845|67|87|94|112|N/A),psyr_4227(N/A|-15.7297|0.0878159|237|256|95|115|GeneID:3369767),xj28_rs24465(kdgD|-17.625|0.0334664|67|87|94|112|N/A),da456_rs24660(kdgD|-18.4854|0.0206195|237|256|95|115|N/A),5-dehydro-4-deoxyglucarate dehydratase,NA,0
0.356270208571202,0.00678376400812337,iyo_rs09725(N/A|-14.4769|0.1556906|97|242|41|176|N/A),psyr_3495(N/A|-20.107|0.0080511|177|242|41|85|GeneID:3369022),xj28_rs20175(N/A|-12.864|0.3245843|215|242|41|65|N/A),da456_rs01365(N/A|-19.8377|0.0092682|177|242|41|85|N/A),ATP-binding protein,NA,0
0.360337482390984,0.00694387440257918,iyo_rs27545(N/A|-17.895|0.0273987|242|274|55|94|N/A),psyr_4754(N/A|-14.885|0.1321634|242|274|55|94|GeneID:3370304),xj28_rs02375(rsmD|-20.2532|0.007758|242|274|55|94|N/A),da456_rs21725(rsmD|-12.649|0.3532694|242|274|55|94|N/A),16S rRNA (guanine(966)-N(2))-methyltransferase RsmD,NA,0
0.363989162728909,0.00714924819529807,iyo_rs18740(N/A|-17.1766|0.040393|60|75|234|248|N/A),psyr_1781(N/A|-16.5002|0.0594875|140|155|96|112|GeneID:3367289),xj28_rs11300(N/A|-19.1216|0.0147655|109|123|97|112|N/A),da456_rs10265(N/A|-15.0907|0.123505|143|155|96|108|N/A),glycosyl hydrolase family 3,NA,0
0.363989162728909,0.00720588593450674,iyo_rs00375(N/A|-14.481|0.155396|265|291|80|105|N/A),psyr_0035(N/A|-16.1292|0.0718912|233|291|80|131|GeneID:3365510),xj28_rs00175(N/A|-23.3649|0.0011836|195|291|80|186|N/A),da456_rs19510(N/A|-16.2957|0.0679041|233|291|80|131|N/A),LysR family transcriptional regulator,NA,0
0.363989162728909,0.00732047599075091,iyo_rs09080(N/A|-20.8566|0.0049422|139|184|132|169|N/A),psyr_3625(N/A|-13.2371|0.2742653|250|271|228|248|GeneID:3369160),xj28_rs20920(N/A|-15.4721|0.1008739|139|184|132|169|N/A),da456_rs00625(N/A|-16.7255|0.0542928|232|256|215|236|N/A),sulfite exporter TauE/SafE family protein,NA,0
0.363989162728909,0.0073862653563535,iyo_rs12905(N/A|-13.5566|0.2346482|131|205|65|129|N/A),psyr_1999(N/A|-17.2767|0.0396032|227|242|147|162|GeneID:3367513),xj28_rs18400(N/A|-20.0492|0.008726|216|267|159|212|N/A),da456_rs09140(N/A|-19.3263|0.0126132|227|242|147|162|N/A),membrane protein,NA,0
0.363989162728909,0.00743175854160883,iyo_rs06765(N/A|-15.7279|0.0853028|155|176|225|248|N/A),psyr_1188(AvrE1|-16.6044|0.0563724|220|266|212|254|GeneID:3366682),xj28_rs07760(N/A|-20.6259|0.0062473|133|195|136|193|N/A),da456_rs12750(N/A|-14.8037|0.141449|222|266|212|252|N/A),AvrE family type 3 secretion system effector,NA,0
0.364946570239947,0.00758660715568794,iyo_rs22320(N/A|-18.5186|0.0193907|266|277|92|103|N/A),psyr_4103(N/A|-14.0895|0.1903643|266|277|92|103|GeneID:3369639),xj28_rs23725(ftsW|-16.8606|0.0500545|266|277|92|103|N/A),da456_rs25390(ftsW|-17.2403|0.0412536|266|277|92|103|N/A),putative lipid II flippase FtsW,NA,0
0.364946570239947,0.00761875152370616,iyo_rs23910(N/A|-15.9361|0.0768517|78|91|93|106|N/A),psyr_0790(N/A|-16.0894|0.073352|104|153|181|230|GeneID:3366277),xj28_rs05465(N/A|-12.2636|0.4081218|78|104|80|106|N/A),da456_rs14835(N/A|-21.6074|0.0030149|155|173|96|117|N/A),NAD(P)/FAD-dependent oxidoreductase,NA,0
0.370657387870583,0.00782300520396734,iyo_rs21015(N/A|-18.2988|0.0219235|171|198|88|113|N/A),psyr_3871(N/A|-17.8029|0.0298311|171|198|88|113|GeneID:3369406),xj28_rs22490(N/A|-15.3614|0.1064659|171|198|88|113|N/A),da456_rs26595(N/A|-16.8294|0.051395|123|141|87|107|N/A),penicillin acylase family protein,NA,0
0.377955780776298,0.00810631937118203,iyo_rs14270(N/A|-20.1242|0.0076763|12|84|75|139|N/A),psyr_2393(N/A|-12.6807|0.3421667|14|64|96|139|GeneID:3367908),xj28_rs16215(N/A|-18.2076|0.0244489|12|84|75|139|N/A),da456_rs07125(N/A|-14.2708|0.1805719|1|52|188|240|N/A),flavin reductase family protein,NA,0
0.377955780776298,0.00815045730510943,iyo_rs11520(N/A|-18.7796|0.016739|161|179|93|111|N/A),psyr_3192(N/A|-12.5958|0.3534378|211|227|93|109|GeneID:3368714),xj28_rs12690(N/A|-19.8912|0.0095534|161|179|93|111|N/A),da456_rs03065(N/A|-13.9811|0.2052838|163|179|93|109|N/A),adenylosuccinate lyase,NA,0
0.38370270471967,0.00838275980118337,iyo_rs27145(N/A|-17.0149|0.0440134|242|291|213|247|N/A),psyr_4667(N/A|-16.9658|0.0466868|242|291|213|247|GeneID:3370217),xj28_rs02835(N/A|-17.6882|0.0323552|242|294|211|247|N/A),da456_rs22175(N/A|-16.969|0.0477214|242|291|213|247|N/A),NAD(P)/FAD-dependent oxidoreductase,NA,0
0.38370270471967,0.00853790008323681,iyo_rs07100(N/A|-15.2037|0.1103673|57|102|215|254|N/A),psyr_1256(N/A|-19.153|0.0140353|59|103|215|246|GeneID:3366751),xj28_rs08395(N/A|-15.8322|0.0844602|61|102|215|251|N/A),da456_rs12435(N/A|-19.1433|0.0140596|59|103|215|246|N/A),oxaloacetate decarboxylase,NA,0
0.38370270471967,0.0085850566690515,iyo_rs25275(N/A|-13.5866|0.2316485|237|258|93|115|N/A),psyr_0566(N/A|-21.8939|0.0026973|217|244|88|112|GeneID:3366042),xj28_rs25910(queG|-12.0692|0.4376449|170|199|87|109|N/A),da456_rs16610(queG|-18.6795|0.0184387|217|244|88|112|N/A),tRNA epoxyqueuosine(34) reductase QueG,NA,0
0.38370270471967,0.00870322700137246,iyo_rs05175(N/A|-12.2847|0.3899295|118|128|98|107|N/A),psyr_4320(N/A|-20.2746|0.0072877|279|292|93|106|GeneID:3369860),xj28_rs24960(hrpB|-21.6127|0.003482|279|292|93|106|N/A),da456_rs24115(hrpB|-12.1169|0.4279425|56|68|53|65|N/A),Derived by automated computational analysis using gene prediction method: Protein Homology.,NA,0
0.38370270471967,0.00877662799357598,iyo_rs11790(N/A|-17.3745|0.0363367|85|101|216|232|N/A),psyr_3142(N/A|-17.5957|0.0333763|8|29|212|236|GeneID:3368663),xj28_rs12955(N/A|-12.7002|0.346163|85|101|216|232|N/A),da456_rs03345(N/A|-17.6067|0.0337815|8|29|212|236|N/A),general secretion pathway protein GspN,NA,0
0.38370270471967,0.00880253968157078,iyo_rs21130(N/A|-14.5416|0.1510952|23|95|98|150|N/A),psyr_3894(N/A|-19.8871|0.009167|21|76|105|151|GeneID:3369429),xj28_rs22610(N/A|-15.344|0.1073696|203|224|97|114|N/A),da456_rs26475(N/A|-19.8871|0.008993|21|76|105|151|N/A),dihydroorotase,NA,0
0.392416315882671,0.009096233784603,iyo_rs25370(N/A|-19.1377|0.0136496|8|45|53|88|N/A),psyr_0548(N/A|-15.4726|0.0996628|14|46|52|81|GeneID:3366024),xj28_rs26015(N/A|-17.3697|0.0383291|8|42|57|88|N/A),da456_rs16710(N/A|-11.63|0.5025557|31|47|51|67|N/A),DUF1249 domain-containing protein,NA,0
0.392416315882671,0.00918248777702052,iyo_rs06050(N/A|-17.5592|0.0328943|181|208|142|167|N/A),psyr_1060(N/A|-17.0919|0.043684|181|208|142|167|GeneID:3366554),xj28_rs07055(N/A|-16.5814|0.0578205|181|208|142|167|N/A),da456_rs13400(N/A|-17.0558|0.0455586|181|208|142|167|N/A),alginate biosynthesis protein AlgK,NA,0
0.393778930416826,0.00934002039433458,iyo_rs27375(N/A|-15.7892|0.0827318|154|173|95|112|N/A),psyr_4713(N/A|-18.8554|0.0166275|39|74|212|247|GeneID:3370263),xj28_rs02565(N/A|-14.4539|0.1636177|36|74|212|247|N/A),da456_rs21925(N/A|-18.0401|0.0265481|39|74|212|247|N/A),sarcosine oxidase subunit beta family protein,NA,0
0.393778930416826,0.00940657929863426,iyo_rs06100(N/A|-10.38|0.6972046|267|282|179|194|N/A),psyr_1070(N/A|-22.5314|0.0017944|278|292|93|107|GeneID:3366564),xj28_rs07125(N/A|-17.1282|0.0435293|278|288|97|107|N/A),da456_rs13350(N/A|-22.5284|0.001619|278|292|93|107|N/A),ATP-dependent RNA helicase RhlB,NA,0
0.393778930416826,0.00951444004312146,iyo_rs19955(N/A|-18.6748|0.0177601|151|197|6|46|N/A),psyr_1629(N/A|-15.3161|0.1075481|181|242|105|153|GeneID:3367131),xj28_rs10295(N/A|-17.8178|0.0301839|151|197|6|46|N/A),da456_rs11070(N/A|-13.1769|0.2877371|220|242|105|131|N/A),glutathione S-transferase,NA,0
0.393778930416826,0.00965446553922102,iyo_rs17705(N/A|-23.7021|0.0007985|142|166|93|116|N/A),psyr_2115(N/A|-15.3104|0.1078454|142|166|93|116|GeneID:3367629),xj28_rs17760(N/A|-13.9228|0.2079296|142|166|93|116|N/A),da456_rs08560(N/A|-12.0763|0.433959|155|163|286|294|N/A),response regulator,NA,0
0.393778930416826,0.00976033689490256,iyo_rs08850(N/A|-14.3448|0.1654406|191|218|93|119|N/A),psyr_3664(N/A|-20.6189|0.0059278|242|271|92|119|GeneID:3369199),xj28_rs21125(N/A|-13.4302|0.2573111|191|218|93|119|N/A),da456_rs00425(N/A|-18.1962|0.0243117|242|265|98|119|N/A),DTW domain-containing protein,NA,0
0.393778930416826,0.00983387425072778,iyo_rs24430(N/A|-17.8954|0.0273927|135|169|56|87|N/A),psyr_1517(N/A|-16.3521|0.064185|135|169|56|87|GeneID:3367016),xj28_rs09710(N/A|-13.9591|0.2046152|201|245|148|190|N/A),da456_rs15205(N/A|-17.8954|0.0287879|135|169|56|87|N/A),PilN family type IVB pilus formation outer membrane protein,NA,0
0.393778930416826,0.0100208192557731,iyo_rs04930(N/A|-18.6875|0.0176333|27|41|53|67|N/A),psyr_4366(N/A|-13.0057|0.3012333|175|229|200|247|GeneID:3369906),xj28_rs25280(N/A|-18.6412|0.0192807|27|41|53|67|N/A),da456_rs23730(N/A|-14.451|0.1664539|27|41|53|67|N/A),23S rRNA (pseudouridine(1915)-N(3))-methyltransferase RlmH,NA,0
0.393778930416826,0.010166362794699,iyo_rs07130(N/A|-16.933|0.045959|192|211|84|106|N/A),psyr_1261(N/A|-16.037|0.0753161|192|211|84|106|GeneID:3366756),xj28_rs08430(N/A|-16.9277|0.048338|192|211|84|106|N/A),da456_rs12410(N/A|-17.8266|0.0299125|192|211|84|106|N/A),IMP dehydrogenase,NA,0
0.393778930416826,0.0101774152764574,iyo_rs02400(N/A|-17.0902|0.0422918|15|48|98|117|N/A),psyr_4609(N/A|-17.1181|0.0430828|14|47|98|117|GeneID:3370158),xj28_rs03130(N/A|-16.5429|0.0589747|15|48|98|117|N/A),da456_rs22490(N/A|-17.1181|0.0440614|14|47|98|117|N/A),anthranilate synthase component I,NA,0
0.393778930416826,0.0103027288454809,iyo_rs21825(N/A|-14.689|0.1410549|189|233|26|67|N/A),psyr_4012(N/A|-17.233|0.0405352|189|232|27|67|GeneID:3369548),xj28_rs23285(N/A|-17.7288|0.0316597|189|233|26|67|N/A),da456_rs25835(N/A|-18.5693|0.0196492|189|233|26|67|N/A),CoA-transferase subunit beta,NA,0
0.393778930416826,0.010414145700282,iyo_rs03400(N/A|-14.9732|0.1233049|257|290|77|107|N/A),psyr_0670(N/A|-17.1934|0.0413971|227|290|77|131|GeneID:3366148),xj28_rs04190(N/A|-18.6555|0.0191292|257|290|77|107|N/A),da456_rs16070(N/A|-17.1934|0.0423114|227|290|77|131|N/A),short-chain dehydrogenase,NA,0
0.393778930416826,0.010486050496496,iyo_rs15485(N/A|-17.3246|0.0373224|164|230|150|213|N/A),psyr_2475(N/A|-18.6511|0.0186591|64|76|98|112|GeneID:3367992),xj28_rs15755(N/A|-15.7982|0.0858997|259|270|97|107|N/A),da456_rs06665(N/A|-13.8153|0.2205862|165|184|94|113|N/A),membrane protein,NA,0
0.393778930416826,0.0104883082497395,iyo_rs18465(N/A|-17.1058|0.041943|25|56|126|157|N/A),psyr_2077(cysB|-18.419|0.0212474|26|59|62|97|GeneID:3367591),xj28_rs17960(N/A|-12.3857|0.3901666|27|62|122|157|N/A),da456_rs08750(N/A|-16.5091|0.0608051|19|60|56|101|N/A),HTH-type transcriptional regulator CysB,NA,0
0.393778930416826,0.0105952292246849,iyo_rs21120(N/A|-16.7602|0.050326|190|209|53|72|N/A),psyr_3892(N/A|-17.4657|0.0357957|171|209|53|94|GeneID:3369427),xj28_rs22600(N/A|-16.7398|0.0532878|190|209|53|72|N/A),da456_rs26485(N/A|-16.7455|0.0537238|190|209|53|72|N/A),argininosuccinate synthase,NA,0
0.393778930416826,0.0107168428022755,iyo_rs00620(N/A|-22.8747|0.0013831|194|233|198|236|N/A),psyr_0079(N/A|-11.8115|0.4678763|284|299|232|253|GeneID:3365554),xj28_rs00450(N/A|-16.1035|0.073735|152|216|143|216|N/A),da456_rs19270(N/A|-13.3188|0.2716638|150|180|93|117|N/A),NAD(P)/FAD-dependent oxidoreductase,NA,0
0.393778930416826,0.0108844834871104,iyo_rs22260(N/A|-17.6295|0.0316654|244|268|92|115|N/A),psyr_4092(N/A|-14.4027|0.1653083|244|268|92|115|GeneID:3369628),xj28_rs23670(N/A|-19.467|0.0121593|275|295|96|115|N/A),da456_rs25445(N/A|-12.5108|0.371875|251|268|92|108|N/A),glutathione S-transferase,NA,0
0.393778930416826,0.0108869819937841,iyo_rs27260(N/A|-15.0353|0.1196952|76|154|146|230|N/A),psyr_4692(N/A|-16.4495|0.0610592|20|154|146|294|GeneID:3370242),xj28_rs02715(N/A|-18.8523|0.0171558|183|207|274|297|N/A),da456_rs22045(N/A|-17.4627|0.036557|76|154|146|230|N/A),ABC transporter ATP-binding protein,NA,0
0.393778930416826,0.0109747310594481,iyo_rs23610(N/A|-14.268|0.1713409|18|39|57|80|N/A),psyr_0842(N/A|-15.5386|0.0964936|18|39|57|77|GeneID:3366329),xj28_rs05775(mrcB|-21.2065|0.004438|18|48|43|80|N/A),da456_rs14560(mrcB|-17.1813|0.0425883|18|39|57|77|N/A),penicillin-binding protein 1B,NA,0
0.393778930416826,0.0112192647064601,iyo_rs06650(N/A|-18.2334|0.0227347|209|260|196|247|N/A),psyr_1163(N/A|-14.6838|0.1452274|205|235|88|119|GeneID:3366657),xj28_rs07650(N/A|-18.3764|0.0222984|206|244|212|250|N/A),da456_rs12890(N/A|-13.7107|0.2306862|187|199|3|17|N/A),cysteine hydrolase,NA,0
0.393778930416826,0.0112198079156873,iyo_rs05815(N/A|-22.1784|0.0021685|194|269|226|294|N/A),psyr_1025(N/A|-14.8614|0.1336415|234|260|8|34|GeneID:3366519),xj28_rs06795(N/A|-12.5537|0.366248|33|48|93|105|N/A),da456_rs13610(N/A|-15.0551|0.1256198|234|259|9|34|N/A),short-chain dehydrogenase,NA,0
0.393778930416826,0.0112547701839734,iyo_rs02655(N/A|-18.3354|0.0214814|94|179|10|80|N/A),psyr_4563(N/A|-18.0031|0.0267403|82|122|52|80|GeneID:3370107),xj28_rs03395(N/A|-12.9224|0.3171187|138|165|258|284|N/A),da456_rs22760(N/A|-15.417|0.1055024|12|47|57|94|N/A),pantothenate kinase,NA,0
0.393778930416826,0.011365113258019,iyo_rs07835(N/A|-17.4366|0.0351437|38|65|93|119|N/A),psyr_1391(N/A|-16.3658|0.0637367|37|64|93|119|GeneID:3366886),xj28_rs09145(N/A|-14.2287|0.1813316|38|62|96|119|N/A),da456_rs11730(N/A|-17.8529|0.0294779|37|64|93|119|N/A),GNAT family N-acetyltransferase,NA,0
0.393778930416826,0.0114665351473637,iyo_rs23645(N/A|-16.0938|0.0709607|218|261|215|251|N/A),psyr_0835(N/A|-18.2086|0.0238794|55|155|31|169|GeneID:3366322),xj28_rs05735(dksA|-15.6066|0.0944345|130|155|31|63|N/A),da456_rs14595(dksA|-17.5242|0.0353472|55|155|31|169|N/A),RNA polymerase-binding protein DksA,NA,0
0.393778930416826,0.011481632326487,iyo_rs24460(N/A|-17.2077|0.039729|188|237|199|239|N/A),psyr_1511(N/A|-17.2077|0.0410839|188|237|199|239|GeneID:3367010),xj28_rs09680(N/A|-15.2104|0.1145386|170|278|163|251|N/A),da456_rs15235(N/A|-17.2077|0.0419863|188|237|199|239|N/A),twitching motility protein PilT,NA,0
0.393778930416826,0.0115136947345178,iyo_rs28620(N/A|-18.3733|0.0210323|27|117|161|240|N/A),psyr_5055(N/A|-16.4615|0.0606839|132|273|146|294|GeneID:3370613),xj28_rs29690(N/A|-16.3568|0.0648589|86|127|159|197|N/A),da456_rs20075(N/A|-12.0733|0.4344052|250|273|146|166|N/A),YeeE/YedE family protein,NA,0
0.393778930416826,0.0116394463091379,iyo_rs09640(N/A|-11.8305|0.4579225|167|177|98|108|N/A),psyr_3511(N/A|-23.6474|0.0008586|2|31|105|139|GeneID:3369038),xj28_rs20265(N/A|-12.7311|0.3420207|167|177|98|108|N/A),da456_rs01285(N/A|-23.9193|0.0005997|2|31|105|139|N/A),DNA-binding response regulator,NA,0
0.393778930416826,0.0116534714438565,iyo_rs01155(N/A|-14.1784|0.178445|176|220|110|153|N/A),psyr_0156(N/A|-17.3266|0.0385632|185|220|110|147|GeneID:3365632),xj28_rs01315(N/A|-13.2764|0.2744576|164|220|110|161|N/A),da456_rs18890(N/A|-21.0181|0.0044266|177|220|110|153|N/A),ABC transporter permease,NA,0
0.397055223058589,0.0118415184669917,iyo_rs03025(N/A|-19.4483|0.0114117|185|253|160|237|N/A),psyr_4469(N/A|-17.5999|0.0333007|186|254|159|237|GeneID:3370009),xj28_rs03775(N/A|-14.4999|0.1601858|215|292|114|203|N/A),da456_rs23210(N/A|-13.1086|0.2957086|202|217|148|162|N/A),DUF2796 domain-containing protein,NA,0
0.400510678602001,0.0121081533423806,iyo_rs19580(N/A|-17.2035|0.0398181|216|244|211|237|N/A),psyr_3321(N/A|-17.6567|0.032294|209|244|211|244|GeneID:3368848),xj28_rs11980(N/A|-12.3915|0.3893255|17|35|270|287|N/A),da456_rs02345(N/A|-16.5957|0.0581192|209|244|211|244|N/A),LysR family transcriptional regulator,NA,0
0.400510678602001,0.0121408598464449,iyo_rs10385(N/A|-16.9532|0.0454719|252|277|162|186|N/A),psyr_1850(N/A|-17.3009|0.0390956|211|273|165|236|GeneID:3367359),xj28_rs19540(N/A|-15.6383|0.0929717|252|277|162|186|N/A),da456_rs09865(N/A|-17.1953|0.0422681|211|273|165|236|N/A),50S ribosomal protein L3 N(5)-glutamine methyltransferase,NA,0
0.400510678602001,0.0122782860137985,iyo_rs06885(N/A|-13.9608|0.1967147|191|245|117|169|N/A),psyr_1214(N/A|-21.5004|0.0034526|1|47|71|124|GeneID:3366708),xj28_rs07885(N/A|-14.2639|0.178461|191|245|117|169|N/A),da456_rs12625(N/A|-19.1468|0.0140305|1|47|71|124|N/A),EscD/YscD/HrpQ family type III secretion system inner membrane ring protein,NA,0
0.400510678602001,0.0124597058673356,iyo_rs07460(N/A|-20.8959|0.0048252|60|88|217|246|N/A),psyr_1319(adk|-15.3179|0.1074544|78|102|217|242|GeneID:3366814),xj28_rs08770(N/A|-13.7787|0.2215187|159|223|144|188|N/A),da456_rs12090(N/A|-15.2967|0.1118567|78|102|217|242|N/A),adenylate kinase,NA,0
0.400510678602001,0.0126312635756176,iyo_rs10850(N/A|-16.3996|0.0606883|200|219|98|118|N/A),psyr_1953(N/A|-16.6899|0.0539282|210|219|98|107|GeneID:3367463),xj28_rs18655(N/A|-17.1281|0.0435316|210|219|98|107|N/A),da456_rs09395(N/A|-16.6792|0.0556309|210|219|98|107|N/A),Derived by automated computational analysis using gene prediction method: Protein Homology.,NA,0
0.400510678602001,0.0126395145694158,iyo_rs18525(N/A|-19.6023|0.0104345|24|63|4|42|N/A),psyr_1822(N/A|-14.3691|0.1678577|16|32|93|111|GeneID:3367331),xj28_rs11515(N/A|-17.0168|0.0461432|33|51|93|110|N/A),da456_rs10015(N/A|-9.45954|0.8373397|12|32|93|112|N/A),mechanosensitive ion channel family protein,NA,0
0.400510678602001,0.0126577001282462,iyo_rs32125(N/A|-18.0902|0.0246099|258|290|202|240|N/A),psyr_3971(N/A|-16.0039|0.076581|183|209|215|240|GeneID:3369506),xj28_rs23025(N/A|-16.7252|0.0536914|183|216|210|240|N/A),da456_rs26060(N/A|-15.7473|0.089642|183|210|214|240|N/A),Derived by automated computational analysis using gene prediction method: Protein Homology.,NA,0
0.400510678602001,0.0127001740829441,iyo_rs07445(N/A|-16.3062|0.0636724|188|247|181|231|N/A),psyr_1316(N/A|-17.5106|0.0349423|188|247|181|231|GeneID:3366811),xj28_rs08755(N/A|-17.1086|0.043979|187|247|181|232|N/A),da456_rs12110(N/A|-14.6133|0.1545267|188|247|181|231|N/A),membrane protein,NA,0
0.400510678602001,0.0127715036305754,iyo_rs02660(N/A|-15.8324|0.080962|130|228|146|231|N/A),psyr_4562(N/A|-11.4492|0.52589|291|298|101|108|GeneID:3370106),xj28_rs03400(N/A|-20.3643|0.0072747|130|228|146|231|N/A),da456_rs22765(N/A|-14.9467|0.1322503|187|221|207|237|N/A),Derived by automated computational analysis using gene prediction method: Protein Homology.,NA,0
0.4020109110023,0.0129115686029644,iyo_rs29285(N/A|-13.5445|0.2358666|206|233|112|139|N/A),psyr_5122(N/A|-18.0169|0.0265386|206|233|112|139|GeneID:3370680),xj28_rs30010(N/A|-18.0205|0.0270601|206|233|112|139|N/A),da456_rs19745(N/A|-18.0169|0.0268961|206|233|112|139|N/A),ATP synthase subunit gamma,NA,0
0.407266426730686,0.0132177656878895,iyo_rs14410(N/A|-15.6425|0.0890037|54|80|214|237|N/A),psyr_2418(aroE|-19.6225|0.0107022|207|273|84|157|GeneID:3367933),xj28_rs16075(N/A|-9.66227|0.8290783|54|80|214|237|N/A),da456_rs06995(N/A|-16.2961|0.0678901|207|228|134|157|N/A),shikimate 5-dehydrogenase,NA,0
0.407266426730686,0.0132901655260933,iyo_rs02790(N/A|-15.3289|0.1038523|107|124|29|46|N/A),psyr_4540(rpmC|-15.329|0.106878|107|124|29|46|GeneID:3370080),xj28_rs03530(N/A|-20.3532|0.0073217|84|124|29|65|N/A),da456_rs22895(N/A|-15.329|0.1101189|107|124|29|46|N/A),50S ribosomal protein L29,NA,0
0.407266426730686,0.0134137818585854,iyo_rs06365(N/A|-14.7088|0.1397507|163|211|197|241|N/A),psyr_1114(N/A|-18.4579|0.0207914|163|211|197|241|GeneID:3366608),xj28_rs07345(N/A|-14.3777|0.1694402|163|211|197|241|N/A),da456_rs13135(N/A|-18.4742|0.0207523|163|211|197|241|N/A),sugar ABC transporter permease,NA,0
0.407266426730686,0.0135885081410558,iyo_rs26455(N/A|-18.4969|0.019628|32|103|162|231|N/A),psyr_0361(N/A|-16.1608|0.0707501|207|240|207|239|GeneID:3365837),xj28_rs27170(N/A|-11.3122|0.561364|82|221|53|180|N/A),da456_rs17685(N/A|-16.3126|0.067316|207|240|207|239|N/A),DNA-directed RNA polymerase sigma-70 factor,NA,0
0.407266426730686,0.0136037656246777,iyo_rs26125(N/A|-19.6676|0.0100444|28|90|114|169|N/A),psyr_0421(N/A|-13.9004|0.2069404|56|92|29|80|GeneID:3365897),xj28_rs26825(N/A|-12.3226|0.3993871|38|92|29|89|N/A),da456_rs17370(N/A|-17.7098|0.0319139|38|90|116|169|N/A),LysR family transcriptional regulator,NA,0
0.407266426730686,0.0136409493697362,iyo_rs14800(N/A|-11.7137|0.476278|59|90|200|230|N/A),psyr_0273(N/A|-21.8448|0.0027822|22|41|98|117|GeneID:3365749),xj28_rs26250(N/A|-19.4772|0.0120894|20|72|114|168|N/A),da456_rs26585(N/A|-11.5249|0.5192606|261|300|201|240|N/A),IS3 family transposase,NA,0
0.4129928187996,0.0139274935452033,iyo_rs09925(N/A|-19.932|0.0086006|259|290|271|295|N/A),psyr_3468(N/A|-11.5309|0.5125973|258|276|16|37|GeneID:3368995),xj28_rs20000(N/A|-19.0336|0.0155095|258|280|278|298|N/A),da456_rs01505(N/A|-12.3084|0.4001447|121|151|217|247|N/A),glycosyl transferase family 2,NA,0
0.426040681899868,0.0146443435711553,iyo_rs27505(N/A|-12.8119|0.318925|196|238|45|101|N/A),psyr_4742(N/A|-18.8947|0.0162612|242|256|233|247|GeneID:3370292),xj28_rs02415(N/A|-12.8454|0.3269874|196|238|45|101|N/A),da456_rs21775(N/A|-20.6657|0.0055422|242|259|230|247|N/A),DUF423 domain-containing protein,NA,0
0.426040681899868,0.0147824330733804,iyo_rs05665(N/A|-15.1806|0.1116079|266|297|213|246|N/A),psyr_0998(N/A|-20.2782|0.0072721|40|162|29|167|GeneID:3366492),xj28_rs06645(rutB|-12.5796|0.362644|264|292|84|112|N/A),da456_rs13755(rutB|-15.9133|0.0824912|254|295|212|253|N/A),pyrimidine utilization protein B,NA,0
0.426040681899868,0.0148083154249135,iyo_rs03910(N/A|-18.9799|0.0149385|183|215|55|90|N/A),psyr_4293(N/A|-12.0824|0.4263932|139|216|54|132|GeneID:3369833),xj28_rs24850(tesB|-19.8691|0.0096749|183|215|55|90|N/A),da456_rs24300(tesB|-12.2372|0.4103651|140|216|54|131|N/A),acyl-CoA thioesterase II,NA,0
0.426040681899868,0.0149045876180524,iyo_rs16445(N/A|-13.9198|0.2003221|177|210|214|239|N/A),psyr_2718(N/A|-17.2904|0.0393151|175|211|213|244|GeneID:3368235),xj28_rs14935(N/A|-12.7644|0.3375938|2|15|101|116|N/A),da456_rs05465(N/A|-20.4334|0.0064147|192|244|181|232|N/A),gluconolaconase,NA,0
0.426040681899868,0.0151760702903972,iyo_rs28110(N/A|-18.4642|0.0199908|99|240|94|241|N/A),psyr_4944(N/A|-13.5597|0.239697|259|275|152|169|GeneID:3370496),xj28_rs29130(N/A|-15.7926|0.0861389|165|240|94|170|N/A),da456_rs20655(N/A|-16.0502|0.0769778|259|278|149|169|N/A),LysR family transcriptional regulator,NA,0
0.426040681899868,0.0152886461454884,iyo_rs07250(N/A|-18.1291|0.0240867|195|277|139|235|N/A),psyr_1277(purT|-16.2583|0.0673318|181|215|214|253|GeneID:3366772),xj28_rs08565(purT|-13.1126|0.2936427|195|277|139|235|N/A),da456_rs12295(purT|-16.1604|0.0727795|181|215|214|253|N/A),formate-dependent phosphoribosylglycinamide formyltransferase,NA,0
0.426040681899868,0.0153147285504884,iyo_rs04630(N/A|-17.2868|0.0380854|226|258|56|94|N/A),psyr_4421(N/A|-15.5885|0.0941572|44|92|107|154|GeneID:3369961),,da456_rs23445(N/A|-17.7406|0.0313746|19|35|235|251|N/A),transposase,NA,0
0.426040681899868,0.0155131262678188,iyo_rs26805(N/A|-14.6477|0.1438089|265|290|225|253|N/A),psyr_0298(N/A|-17.8078|0.0297516|265|295|220|253|GeneID:3365774),xj28_rs27465(N/A|-16.1087|0.0735422|133|241|84|176|N/A),da456_rs18020(N/A|-17.9228|0.0283509|265|295|220|253|N/A),amino acid ABC transporter substrate-binding protein,NA,0
0.426040681899868,0.015560425820161,iyo_rs14435(N/A|-15.332|0.1036954|99|131|91|109|N/A),psyr_2423(N/A|-19.4327|0.0119485|132|183|180|229|GeneID:3367938),xj28_rs16050(N/A|-15.918|0.0809242|99|131|91|109|N/A),da456_rs06970(N/A|-13.0481|0.3028969|113|152|180|219|N/A),Derived by automated computational analysis using gene prediction method: Protein Homology.,NA,0
0.426040681899868,0.0155920472866304,iyo_rs07560(N/A|-17.2207|0.0394545|201|211|98|108|N/A),psyr_1335(N/A|-15.1616|0.1158654|237|247|98|108|GeneID:3366830),xj28_rs08860(N/A|-17.6987|0.032174|201|211|98|108|N/A),da456_rs12010(N/A|-14.8589|0.1378362|201|211|98|108|N/A),cysteine desulfurase,NA,0
0.426040681899868,0.0157355752118941,iyo_rs22730(nusA|-16.0272|0.073397|38|47|8|17|N/A),psyr_4181(nusA|-17.0023|0.0457987|38|47|8|17|GeneID:3369718),xj28_rs24145(nusA|-16.0271|0.0766224|38|47|8|17|N/A),da456_rs24990(nusA|-17.0023|0.0468809|38|47|8|17|N/A),transcription termination/antitermination protein NusA,NA,0
0.426040681899868,0.0158892878217791,iyo_rs13975(N/A|-19.3838|0.0118459|51|108|212|277|N/A),psyr_2362(N/A|-15.0021|0.1250359|132|166|217|252|GeneID:3367877),xj28_rs16365(N/A|-15.8084|0.0854656|72|107|212|248|N/A),da456_rs07250(N/A|-12.3688|0.3915851|25|33|100|108|N/A),NAD-dependent deacetylase,NA,0
0.426040681899868,0.0160615960866354,iyo_rs17900(N/A|-17.7299|0.0299842|212|238|88|113|N/A),psyr_3398(N/A|-13.6329|0.2323386|223|244|92|113|GeneID:3368925),xj28_rs11565(N/A|-17.8984|0.0289032|210|238|88|113|N/A),da456_rs01885(N/A|-14.4514|0.1664236|232|256|87|112|N/A),alanine racemase,NA,0
0.426040681899868,0.0161310661621681,iyo_rs22830(N/A|-16.4338|0.0596279|190|204|93|110|N/A),psyr_4199(N/A|-16.472|0.0603571|190|204|93|110|GeneID:3369738),xj28_rs24250(N/A|-17.0904|0.0444004|190|204|93|110|N/A),da456_rs24885(N/A|-15.5735|0.0977063|177|204|93|118|N/A),outer membrane protein assembly factor BamE,NA,0
0.426040681899868,0.0162569124797843,iyo_rs05855(N/A|-17.4607|0.0346906|252|295|212|258|N/A),psyr_1033(N/A|-16.595|0.0566471|252|298|209|258|GeneID:3366527),xj28_rs06840(N/A|-14.0767|0.1941729|252|295|212|258|N/A),da456_rs13570(N/A|-16.2838|0.0683209|252|295|212|258|N/A),Derived by automated computational analysis using gene prediction method: Protein Homology.,NA,0
0.426040681899868,0.0162673463197517,iyo_rs18760(N/A|-17.6641|0.0310764|16|39|93|116|N/A),psyr_1776(N/A|-13.3874|0.2577232|105|127|91|115|GeneID:3367284),xj28_rs11275(N/A|-19.1922|0.0141931|25|39|93|107|N/A),da456_rs10290(N/A|-12.7799|0.3361896|114|130|91|109|N/A),methyl-accepting chemotaxis protein,NA,0
0.426040681899868,0.0162709213681117,iyo_rs23735(N/A|-10.1386|0.7360911|168|217|192|240|N/A),psyr_0818(N/A|-20.697|0.0056545|168|230|26|89|GeneID:3366305),xj28_rs05645(N/A|-9.27125|0.8785745|168|217|192|240|N/A),da456_rs14685(N/A|-24.1104|0.0005203|168|230|26|89|N/A),membrane protein,NA,0
0.426040681899868,0.0162744710588854,iyo_rs12600(N/A|-16.8741|0.0474068|125|155|92|119|N/A),psyr_3375(N/A|-16.656|0.0548854|125|155|92|119|GeneID:3368902),xj28_rs11690(N/A|-16.4486|0.0618919|121|155|92|123|N/A),da456_rs02010(N/A|-13.5543|0.2464418|192|230|195|243|N/A),two-component sensor histidine kinase,NA,0
0.426040681899868,0.0162995824740657,iyo_rs10550(N/A|-16.7575|0.0503971|156|177|96|115|N/A),psyr_1882(N/A|-14.9882|0.1258642|158|179|96|115|GeneID:3367391),xj28_rs19370(N/A|-17.5565|0.0347111|77|102|81|109|N/A),da456_rs09705(N/A|-15.6435|0.094385|158|179|96|115|N/A),auxin-binding protein,NA,0
0.426040681899868,0.0167493921220359,iyo_rs18035(N/A|-15.7199|0.0856435|193|214|163|188|N/A),psyr_2051(N/A|-13.8469|0.211835|176|190|3|16|GeneID:3367565),xj28_rs18130(N/A|-18.2456|0.0239483|193|214|163|188|N/A),da456_rs08880(N/A|-15.9969|0.0790843|43|102|8|65|N/A),DNA-binding response regulator,NA,0
0.426040681899868,0.0168139008908453,iyo_rs05960(N/A|-21.5626|0.0031982|65|114|197|245|N/A),psyr_1044(N/A|-16.2188|0.0686982|117|166|197|245|GeneID:3366538),xj28_rs06935(N/A|-12.6974|0.34654|15|163|148|296|N/A),da456_rs13480(N/A|-13.1002|0.2966995|66|115|197|245|N/A),LysR family transcriptional regulator,NA,0
0.426040681899868,0.0169202724487865,iyo_rs02740(N/A|-13.724|0.2182916|215|233|97|114|N/A),psyr_4550(tuf|-16.6915|0.0538834|215|233|97|114|GeneID:3370090),xj28_rs03480(tuf|-19.093|0.0150035|215|239|93|114|N/A),da456_rs22845(tuf|-16.6631|0.0561031|215|233|97|114|N/A),elongation factor Tu,NA,0
0.426040681899868,0.0169690172015177,iyo_rs17950(N/A|-16.3177|0.0632979|237|295|201|261|N/A),psyr_2067(N/A|-15.8452|0.0829151|116|159|212|250|GeneID:3367581),xj28_rs18020(N/A|-17.5246|0.0353055|237|295|201|261|N/A),da456_rs08800(N/A|-15.8572|0.0848495|116|159|212|250|N/A),peptide ABC transporter ATP-binding protein,NA,0
0.426040681899868,0.0171010218087082,iyo_rs18640(N/A|-15.9733|0.0754236|251|263|141|153|N/A),psyr_1802(N/A|-15.8375|0.083234|251|263|141|153|GeneID:3367310),xj28_rs11405(N/A|-16.7136|0.0540141|251|263|141|153|N/A),da456_rs10125(N/A|-17.0683|0.0452545|237|263|141|164|N/A),AsnC family transcriptional regulator,NA,0
0.426040681899868,0.0171157214821245,iyo_rs04180(N/A|-16.24|0.0658676|255|283|211|248|N/A),psyr_4235(N/A|-10.3531|0.7074607|84|119|78|113|GeneID:3369775),xj28_rs24510(N/A|-18.9102|0.0166129|248|295|200|247|N/A),da456_rs24605(N/A|-14.7737|0.1434458|248|293|197|247|N/A),ABC transporter substrate-binding protein,NA,0
0.426040681899868,0.0171175505271242,iyo_rs07740(N/A|-15.8337|0.0809093|68|154|79|171|N/A),psyr_1371(surE|-15.5567|0.0956403|68|154|79|171|GeneID:3366866),xj28_rs09040(N/A|-18.4602|0.0212983|68|154|79|171|N/A),da456_rs11830(N/A|-10.8124|0.6351808|68|83|157|171|N/A),5'/3'-nucleotidase SurE,NA,0
0.426040681899868,0.0171778691394731,iyo_rs25810(N/A|-18.0655|0.0249475|67|153|82|168|N/A),psyr_0473(N/A|-15.7926|0.0851158|67|155|88|168|GeneID:3365949),xj28_rs26430(metW|-13.3619|0.2648223|287|300|157|168|N/A),da456_rs17105(metW|-16.2719|0.06874|67|153|82|168|N/A),methionine biosynthesis protein MetW,NA,0
0.426040681899868,0.0171909600713281,iyo_rs27165(N/A|-15.1829|0.1114839|163|190|210|237|N/A),psyr_4672(N/A|-17.2395|0.0403953|160|197|201|240|GeneID:3370222),xj28_rs02810(N/A|-13.0932|0.2959783|195|234|144|182|N/A),da456_rs22150(N/A|-18.0691|0.0261189|160|197|201|240|N/A),pyrroloquinoline-quinone synthase PqqC,NA,0
0.426040681899868,0.0172019178743695,iyo_rs06385(N/A|-16.2732|0.0647582|242|265|84|108|N/A),psyr_1118(N/A|-16.3382|0.0646427|242|255|95|108|GeneID:3366612),xj28_rs07370(N/A|-17.1589|0.0428336|242|265|84|108|N/A),da456_rs13110(N/A|-14.1853|0.1876025|242|265|84|108|N/A),D-hexose-6-phosphate mutarotase,NA,0
0.42623206549971,0.0173074272983365,iyo_rs07965(N/A|-17.5009|0.0339468|153|192|114|152|N/A),psyr_1412(N/A|-8.61012|0.928875|155|192|114|150|GeneID:3366909),xj28_rs09275(tolQ|-17.4116|0.0374882|153|192|114|152|N/A),da456_rs11600(tolQ|-14.8518|0.1382965|155|192|114|150|N/A),protein TolQ,NA,0
0.438997698917886,0.0181060561263922,iyo_rs22120(N/A|-13.75|0.215834|192|220|212|240|N/A),psyr_4068(N/A|-18.2785|0.022973|181|220|212|250|GeneID:3369604),xj28_rs23550(N/A|-14.3206|0.1739172|192|228|199|240|N/A),da456_rs25565(N/A|-20.4244|0.006451|181|220|212|250|N/A),class I SAM-dependent methyltransferase,NA,0
0.438997698917886,0.018119695946283,iyo_rs18435(N/A|-14.2715|0.1710682|194|238|83|129|N/A),psyr_2083(N/A|-17.9217|0.0279593|189|239|207|248|GeneID:3367597),xj28_rs17930(N/A|-14.9565|0.1293384|121|239|150|255|N/A),da456_rs08720(N/A|-19.0453|0.0148957|189|240|206|248|N/A),Derived by automated computational analysis using gene prediction method: Protein Homology.,NA,0
0.438997698917886,0.0181279159911033,iyo_rs17895(N/A|-14.6882|0.1411078|65|114|56|96|N/A),psyr_3397(N/A|-13.2527|0.2725127|74|102|53|89|GeneID:3368924),xj28_rs11570(N/A|-19.7128|0.0105771|74|154|30|89|N/A),da456_rs01890(N/A|-15.5754|0.0976148|74|102|53|89|N/A),LysR family transcriptional regulator,NA,0
0.440398127182584,0.0182867770176756,iyo_rs06215(gcvT|-18.0772|0.024787|231|247|97|112|N/A),psyr_1095(N/A|-13.0968|0.290399|231|247|97|112|GeneID:3366589),xj28_rs07250(gcvT|-18.6841|0.0188297|91|109|99|115|N/A),da456_rs13220(N/A|-13.0579|0.3017244|231|247|97|112|N/A),glycine cleavage system aminomethyltransferase T,NA,0
0.44179156715754,0.0185508672737077,iyo_rs27700(N/A|-15.3762|0.1014808|97|129|215|248|N/A),psyr_4856(N/A|-16.5051|0.0593376|3|44|209|252|GeneID:3370406),xj28_rs28030(N/A|-12.9069|0.3190884|101|130|215|244|N/A),da456_rs21120(N/A|-18.2801|0.0231825|7|44|209|246|N/A),Derived by automated computational analysis using gene prediction method: Protein Homology.,NA,0
0.44179156715754,0.0186563732120024,iyo_rs27890(N/A|-14.3518|0.1649114|44|59|98|113|N/A),psyr_0088(N/A|-19.702|0.0102173|57|78|91|113|GeneID:3365563),xj28_rs01690(N/A|-14.5118|0.159308|44|62|97|113|N/A),da456_rs19220(N/A|-17.6978|0.0321263|57|78|91|113|N/A),GGDEF domain-containing protein,NA,0
0.44179156715754,0.0187269026076516,iyo_rs08995(N/A|-16.5159|0.0571509|183|259|160|222|N/A),psyr_3635(N/A|-13.0283|0.2985193|199|263|155|225|GeneID:3369170),xj28_rs20980(N/A|-17.7223|0.0317701|205|259|160|216|N/A),da456_rs00570(N/A|-15.2473|0.1145602|220|263|155|196|N/A),competence protein ComEA,NA,0
0.44179156715754,0.0187597347581849,iyo_rs28700(N/A|-14.1484|0.1808775|141|181|181|226|N/A),psyr_5072(N/A|-20.3719|0.0068763|113|187|175|250|GeneID:3370630),xj28_rs29780(N/A|-15.8047|0.0856228|144|181|181|222|N/A),da456_rs19980(N/A|-15.7823|0.0880905|113|187|175|250|N/A),GTP-binding protein,NA,0
0.44179156715754,0.018875760942244,iyo_rs08730(N/A|-23.0455|0.0012365|19|77|175|238|N/A),psyr_3686(N/A|-12.0172|0.436206|119|129|99|109|GeneID:3369221),xj28_rs21270(N/A|-15.6907|0.0905984|59|77|175|193|N/A),da456_rs00310(N/A|-9.47927|0.8348463|220|234|217|236|N/A),DnaA regulatory inactivator Hda,NA,0
0.44179156715754,0.0189527467443129,iyo_rs09075(N/A|-16.8766|0.0473445|205|264|143|196|N/A),psyr_3626(N/A|-16.6827|0.0541302|122|264|143|292|GeneID:3369161),xj28_rs20925(N/A|-12.967|0.3114984|205|264|143|196|N/A),da456_rs00620(N/A|-16.2508|0.0694887|179|264|143|228|N/A),MarR family transcriptional regulator,NA,0
0.442808881760587,0.0190979742534963,iyo_rs15920(N/A|-14.1082|0.1841799|137|158|181|202|N/A),psyr_2943(N/A|-20.7072|0.0056197|113|257|12|140|GeneID:3368463),xj28_rs14080(N/A|-15.2083|0.1146546|146|173|88|112|N/A),da456_rs04405(N/A|-16.1726|0.0723274|151|257|12|106|N/A),amino acid ABC transporter permease,NA,0
0.450408580467452,0.0195828902620717,iyo_rs30575(N/A|-18.3476|0.0213358|5|27|136|160|N/A),psyr_1383(N/A|-13.4525|0.2507953|238|259|12|33|GeneID:3366878),xj28_rs09105(N/A|-17.6891|0.0323396|6|29|135|160|N/A),da456_rs11770(N/A|-13.3762|0.2653494|238|259|12|33|N/A),Derived by automated computational analysis using gene prediction method: Protein Homology.,NA,0
0.450408580467452,0.019716500379621,iyo_rs32815(N/A|-17.4413|0.0350549|151|173|92|112|N/A),,xj28_rs29735(N/A|-18.2602|0.0237586|151|173|92|112|N/A),da456_rs20030(N/A|-13.7522|0.2266373|143|173|92|115|N/A),Derived by automated computational analysis using gene prediction method: Protein Homology.,NA,0
0.450408580467452,0.0198413705476912,iyo_rs12290(N/A|-15.2923|0.1057208|192|235|212|251|N/A),psyr_3059(N/A|-12.3631|0.3855146|225|232|286|293|GeneID:3368579),xj28_rs13495(N/A|-18.6556|0.0191282|145|253|181|293|N/A),da456_rs03880(N/A|-15.4901|0.101796|192|239|198|251|N/A),metalloprotease,NA,0
0.450408580467452,0.020105263287203,iyo_rs15690(N/A|-18.0767|0.0247939|92|108|95|111|N/A),psyr_2437(N/A|-13.7139|0.2244022|92|109|95|112|GeneID:3367954),xj28_rs15965(N/A|-15.875|0.0826792|91|108|95|110|N/A),da456_rs06870(N/A|-15.3279|0.1101777|93|109|95|111|N/A),ABC transporter ATP-binding protein,NA,0
0.450408580467452,0.0202307047174774,iyo_rs02905(N/A|-13.6331|0.2270583|173|207|143|189|N/A),psyr_4507(N/A|-19.3008|0.0128935|113|207|143|242|GeneID:3370047),xj28_rs03655(N/A|-17.1486|0.0430658|146|206|144|228|N/A),da456_rs23050(N/A|-15.539|0.0993804|134|207|143|229|N/A),inositol monophosphatase,NA,0
0.450408580467452,0.0202721746064584,iyo_rs05710(N/A|-19.3246|0.0122582|161|183|93|114|N/A),psyr_1007(N/A|-9.22484|0.8680465|65|75|156|167|GeneID:3366501),xj28_rs06690(N/A|-18.6543|0.0191419|161|183|93|114|N/A),da456_rs13710(N/A|-11.9829|0.4479537|2|19|92|110|N/A),phosphate acetyltransferase,NA,0
0.450408580467452,0.0202886389061117,iyo_rs06325(N/A|-15.6782|0.0874395|209|232|212|238|N/A),psyr_1106(N/A|-13.3776|0.2587785|250|292|212|251|GeneID:3366600),xj28_rs07305(N/A|-20.6758|0.0060677|209|278|161|238|N/A),,glycerol-3-phosphate ABC transporter substrate-binding protein,NA,0
0.450408580467452,0.020297039810512,iyo_rs05035(N/A|-16.3424|0.0625003|234|249|94|108|N/A),psyr_4347(N/A|-12.863|0.3187697|206|269|79|148|GeneID:3369887),xj28_rs25170(N/A|-17.0764|0.0447271|234|249|94|108|N/A),da456_rs23825(N/A|-15.7679|0.0887259|229|253|93|119|N/A),rRNA maturation RNase YbeY,NA,0
0.450408580467452,0.020355698635487,iyo_rs15525(N/A|-17.9089|0.0271908|59|81|225|245|N/A),psyr_2468(N/A|-14.2512|0.1770636|59|94|212|245|GeneID:3367985),xj28_rs15795(N/A|-16.5924|0.0574946|59|95|211|245|N/A),da456_rs06705(N/A|-14.71|0.147764|56|92|215|248|N/A),gamma-carboxygeranoyl-CoA hydratase,NA,0
0.453121468902775,0.0206056841161072,iyo_rs12665(N/A|-17.2797|0.0382303|167|246|143|245|N/A),psyr_1968(N/A|-18.7442|0.0177061|159|246|143|254|GeneID:3367478),xj28_rs18570(N/A|-13.8154|0.2179918|167|246|143|245|N/A),da456_rs09315(N/A|-11.9776|0.4487541|167|280|140|245|N/A),RND transporter,NA,0
0.453121468902775,0.0207779206167252,iyo_rs17555(N/A|-15.6264|0.0897173|263|300|96|117|N/A),psyr_2144(N/A|-16.4605|0.0607151|191|209|100|117|GeneID:3367658),xj28_rs17605(N/A|-16.0346|0.0763344|261|300|96|119|N/A),da456_rs08410(N/A|-16.6575|0.0562682|191|209|100|117|N/A),Derived by automated computational analysis using gene prediction method: Protein Homology.,NA,0
0.453121468902775,0.0207901568663811,iyo_rs15715(N/A|-14.8157|0.1328868|284|298|93|107|N/A),psyr_2908(N/A|-17.6956|0.0316209|284|298|93|107|GeneID:3368428),xj28_rs14360(N/A|-15.0227|0.125326|284|298|93|107|N/A),da456_rs04525(N/A|-17.6956|0.0321654|284|298|93|107|N/A),alpha-D-glucose phosphate-specific phosphoglucomutase,NA,0
